/*
SQLyog Community v12.02 (64 bit)
MySQL - 5.5.31-0ubuntu0.12.04.1 : Database - english_school
*********************************************************************
*/

/*!40101 SET NAMES utf8 */;

/*!40101 SET SQL_MODE=''*/;

/*!40014 SET @OLD_UNIQUE_CHECKS=@@UNIQUE_CHECKS, UNIQUE_CHECKS=0 */;
/*!40014 SET @OLD_FOREIGN_KEY_CHECKS=@@FOREIGN_KEY_CHECKS, FOREIGN_KEY_CHECKS=0 */;
/*!40101 SET @OLD_SQL_MODE=@@SQL_MODE, SQL_MODE='NO_AUTO_VALUE_ON_ZERO' */;
/*!40111 SET @OLD_SQL_NOTES=@@SQL_NOTES, SQL_NOTES=0 */;
CREATE DATABASE /*!32312 IF NOT EXISTS*/`english_school` /*!40100 DEFAULT CHARACTER SET utf8 */;

/*Table structure for table `addresses` */

DROP TABLE IF EXISTS `addresses`;

CREATE TABLE `addresses` (
  `id` int(11) NOT NULL AUTO_INCREMENT,
  `name` varchar(255) COLLATE utf8_unicode_ci NOT NULL DEFAULT '',
  `email` varchar(255) COLLATE utf8_unicode_ci NOT NULL DEFAULT '',
  `phones` varchar(255) COLLATE utf8_unicode_ci NOT NULL DEFAULT '',
  `active` tinyint(1) NOT NULL DEFAULT '1',
  `created_at` datetime DEFAULT NULL,
  `updated_at` datetime DEFAULT NULL,
  `title` varchar(255) COLLATE utf8_unicode_ci DEFAULT '',
  `is_main` tinyint(1) DEFAULT '0',
  PRIMARY KEY (`id`),
  KEY `index_addresses_on_active` (`active`)
) ENGINE=InnoDB AUTO_INCREMENT=4 DEFAULT CHARSET=utf8 COLLATE=utf8_unicode_ci;

/*Data for the table `addresses` */

insert  into `addresses`(`id`,`name`,`email`,`phones`,`active`,`created_at`,`updated_at`,`title`,`is_main`) values (1,'вул. Мулярська 2а, 4й поверх бібліотека ім.Лесі Українки','eng.speak.club@gmail.com','063 74 86 032, 097 010 47 30',1,'2015-11-10 11:51:57','2015-12-22 12:23:31','ОСНОВНА АДРЕСА',1),(2,'Україна, місто Львів, вулиця ВІРМЕНСЬКА 26, арт-галерея IconArt','','',1,'2015-11-10 12:55:43','2015-11-16 17:36:37','ЗАНЯТТЯ ГРУПИ ART AND CULTURE GROUP',0),(3,'вул. Мулярська 2, Львівська Медіатека','','',1,'2016-01-14 13:32:34','2016-01-14 13:34:38','Курс Англійська без акценту',0);

/*Table structure for table `b1_admin_modules` */

DROP TABLE IF EXISTS `b1_admin_modules`;

CREATE TABLE `b1_admin_modules` (
  `id` int(11) NOT NULL AUTO_INCREMENT,
  `ico` varchar(20) NOT NULL DEFAULT 'fa-file',
  `parent_id` int(11) NOT NULL DEFAULT '0',
  `name_uk` varchar(50) NOT NULL,
  `name_en` varchar(50) NOT NULL,
  `controller` varchar(50) NOT NULL,
  `created_at` datetime DEFAULT NULL,
  `updated_at` datetime DEFAULT NULL,
  `position` int(11) DEFAULT '0',
  `hidden` tinyint(1) DEFAULT '0',
  `show_in_list` tinyint(1) DEFAULT '1',
  PRIMARY KEY (`id`),
  KEY `index_b1_admin_modules_on_parent_id` (`parent_id`)
) ENGINE=InnoDB AUTO_INCREMENT=65 DEFAULT CHARSET=utf8;

/*Data for the table `b1_admin_modules` */

insert  into `b1_admin_modules`(`id`,`ico`,`parent_id`,`name_uk`,`name_en`,`controller`,`created_at`,`updated_at`,`position`,`hidden`,`show_in_list`) values (1,'fa-shield',0,'Настройки','Настройки','settings','2015-02-11 15:52:48','2015-02-11 15:52:48',0,0,1),(2,'fa-file',1,'Модули','Модули','modules','2015-02-11 15:52:48','2015-02-11 15:52:48',0,0,1),(11,'fa-file',1,'Роли доступа','Роли доступа','roles','2015-02-11 15:52:48','2015-02-18 16:16:07',1,0,1),(14,'fa-file',1,'Права доступа','Права доступа','permissions','2015-02-11 15:52:49','2015-02-11 15:52:49',2,0,1),(17,'fa-file',1,'Администраторы','Администраторы','admins','2015-02-11 15:52:49','2015-02-11 15:52:49',3,0,1),(40,'emails',1,'Шаблоны Email','Шаблоны Email','emails','2015-07-03 08:36:10','2015-07-03 08:36:10',0,0,1),(45,'fa-edit',0,'Школа','Школа','school','2015-11-09 20:00:41','2015-11-09 20:00:41',0,0,1),(46,'courses',45,'Курси','Курси','courses','2015-11-09 20:01:00','2015-11-09 20:01:00',0,0,1),(48,'fa-briefcase',0,'Загальне','Загальне','content','2015-11-09 21:23:27','2015-11-09 21:23:27',0,0,1),(49,'teachers',48,'Викладачі','Викладачі','teachers','2015-11-09 21:23:51','2015-11-09 21:23:51',0,0,1),(50,'vacancies',48,'Вакансії','Вакансії','vacancies','2015-11-09 21:24:30','2015-11-09 21:24:30',0,0,1),(51,'photos',48,'Галерея','Галерея','photos','2015-11-09 21:44:41','2015-11-09 21:44:41',0,0,1),(52,'addresses',1,'Адреси','Адреси','addresses','2015-11-10 11:41:14','2015-11-10 11:41:14',0,0,1),(53,'partners',48,'Партнери','Партнери','partners','2015-11-10 12:19:37','2015-11-10 12:19:37',0,0,1),(54,'fa-envelope',0,'Блог','Блог','blog','2015-11-10 18:11:54','2015-11-10 18:11:54',0,0,1),(55,'fa-envelope',54,'Блог','Блог','pages','2015-11-10 18:23:45','2015-11-10 18:23:45',0,0,1),(56,'fa-bullhorn',0,'Клуб','Клуб','club','2015-11-11 08:00:43','2015-11-11 08:00:43',0,0,1),(57,'courses',56,'Групи','Групи','courses','2015-11-11 08:01:30','2015-11-26 12:09:44',0,0,1),(58,'users',56,'Підписники','Підписники','users','2015-11-11 09:17:49','2015-11-11 09:17:49',0,0,1),(59,'users',45,'Підписники','Підписники','users','2015-11-11 09:18:05','2015-11-11 09:18:05',0,0,1),(60,'users',54,'Підписники','Підписники','users','2015-11-11 09:18:21','2015-11-11 09:18:21',0,0,1),(61,'lessons',56,'Заняття','Заняття','lessons','2015-11-13 13:56:25','2015-11-13 13:56:25',0,0,1),(62,'lessons',45,'Заняття','Заняття','lessons','2015-11-16 12:34:15','2015-11-16 12:34:15',0,0,1),(63,'cvscvs',48,'Резюме','Резюме','cvs','2015-11-16 12:35:12','2015-11-16 12:35:12',0,0,1),(64,'translations',1,'Переклад','Переклад','translations','2016-01-23 10:11:34','2016-01-23 10:11:34',0,0,1);

/*Table structure for table `b1_admin_modules_roles` */

DROP TABLE IF EXISTS `b1_admin_modules_roles`;

CREATE TABLE `b1_admin_modules_roles` (
  `role_id` int(11) NOT NULL,
  `module_id` int(11) NOT NULL,
  UNIQUE KEY `b1_admin_modules_roles_index` (`module_id`,`role_id`)
) ENGINE=InnoDB DEFAULT CHARSET=utf8;

/*Data for the table `b1_admin_modules_roles` */

insert  into `b1_admin_modules_roles`(`role_id`,`module_id`) values (1,1),(1,2),(1,11),(1,14),(1,17),(1,40),(1,45),(1,46),(1,48),(1,49),(1,50),(1,51),(1,52),(1,53),(1,54),(1,55),(1,56),(1,57),(1,58),(1,59),(1,60),(1,61),(1,62),(1,63),(1,64);

/*Table structure for table `b1_admin_permissions` */

DROP TABLE IF EXISTS `b1_admin_permissions`;

CREATE TABLE `b1_admin_permissions` (
  `id` int(11) NOT NULL AUTO_INCREMENT,
  `desc_uk` varchar(50) NOT NULL,
  `desc_en` varchar(50) NOT NULL,
  `module_id` int(11) DEFAULT NULL,
  `action` varchar(255) DEFAULT NULL,
  `created_at` datetime DEFAULT NULL,
  `updated_at` datetime DEFAULT NULL,
  PRIMARY KEY (`id`),
  KEY `index_b1_admin_permissions_on_module_id` (`module_id`)
) ENGINE=InnoDB AUTO_INCREMENT=53 DEFAULT CHARSET=utf8;

/*Data for the table `b1_admin_permissions` */

insert  into `b1_admin_permissions`(`id`,`desc_uk`,`desc_en`,`module_id`,`action`,`created_at`,`updated_at`) values (1,'Просмотр модулей','Просмотр модулей',2,'index','2015-02-11 15:52:49','2015-02-18 16:19:22'),(2,'Просмотр ролей доступа','Просмотр ролей доступа',11,'index','2015-02-11 15:52:50','2015-02-11 16:09:18'),(3,'Просмотр прав доступа','Просмотр прав доступа',14,'index','2015-02-11 15:52:50','2015-02-11 16:09:52'),(4,'Просмотр администраторов','Просмотр администраторов',17,'index','2015-02-11 15:52:50','2015-02-11 16:10:03'),(5,'Просмотр логов админ панели','Просмотр логов админ панели',3,'index','2015-02-11 15:52:50','2015-02-11 16:10:20'),(6,'Просмотр стран','Просмотр стран',12,'index','2015-02-11 15:52:50','2015-02-11 16:11:05'),(7,'Просмотр городов','Просмотр городов',16,'index','2015-02-11 15:52:50','2015-02-11 15:52:50'),(8,'Просмотр аэропортов','Просмотр аэропортов',18,'index','2015-02-11 15:52:50','2015-02-11 16:08:37'),(9,'Просмотр континетов','Просмотр континетов',4,'index','2015-02-11 15:52:50','2015-02-11 16:09:31'),(10,'Просмотр факов','Просмотр факов',5,'index','2015-02-11 15:52:50','2015-02-11 16:08:49'),(11,'Просмотр списка ОТА','Просмотр списка ОТА',6,'index','2015-02-11 15:52:50','2015-02-11 16:09:42'),(12,'Просмотр списка','Просмотр списка',13,'index','2015-02-11 15:52:50','2015-06-30 12:48:38'),(13,'Просмотр списка','Просмотр списка',7,'index','2015-02-11 15:52:50','2015-02-11 15:52:50'),(14,'Просмотр списка','Просмотр списка',9,'index','2015-02-11 15:52:51','2015-02-11 15:52:51'),(15,'Просмотр списка','Просмотр списка',8,'index','2015-02-11 15:52:51','2015-02-11 15:52:51'),(16,'Просмотр статистики','Просмотр статистики',23,'index','2015-02-18 17:20:48','2015-02-18 17:20:48'),(17,'Просмотр логов фронта','Просмотр логов фронта',24,'index','2015-02-23 19:06:36','2015-02-23 19:06:36'),(18,'цуайцацйу','ацйуацйуауац',25,'index','2015-04-07 12:17:29','2015-04-07 12:17:29'),(19,'Просмотр','Просмотр',26,'index','2015-04-07 15:34:07','2015-04-07 15:34:07'),(20,'Просмотр настроек','Просмотр настроек',27,'index','2015-04-09 07:42:13','2015-04-09 07:42:13'),(21,'Просмотр списка','Просмотр списка',28,'index','2015-05-04 12:31:48','2015-06-30 12:47:33'),(22,'Просмотр списка','Просмотр списка',30,'index','2015-06-30 14:04:47','2015-06-30 14:04:47'),(23,'Просмотр списка','Просмотр списка',31,'index','2015-06-30 15:12:59','2015-06-30 15:12:59'),(24,'Просмотр типов','Просмотр типов',32,'index','2015-06-30 16:32:17','2015-06-30 16:32:17'),(25,'Просмотр списка сервисов','Просмотр списка сервисов',33,'index','2015-07-01 07:41:41','2015-07-01 07:41:41'),(26,'Просмотр списка','Просмотр списка',34,'index','2015-07-01 08:40:45','2015-07-01 08:40:45'),(27,'Просмотр списка','Просмотр списка',35,'index','2015-07-01 10:21:24','2015-07-01 10:21:24'),(28,'Просмотр списка','Просмотр списка',36,'index','2015-07-01 10:22:45','2015-07-01 10:22:45'),(29,'Просмотр списка','Просмотр списка',37,'index','2015-07-01 12:55:21','2015-07-01 12:55:21'),(30,'Просмотр списка','Просмотр списка',38,'index','2015-07-01 12:55:30','2015-07-01 12:55:30'),(31,'Просмотр списка отелей','Просмотр списка отелей',39,'index','2015-07-01 13:28:10','2015-07-01 13:28:10'),(32,'Просмотр списка','Просмотр списка',40,'index','2015-07-03 08:45:40','2015-07-03 08:45:40'),(33,'Просмотр списка бронирований','Просмотр списка бронирований',42,'index','2015-07-03 12:33:49','2015-07-03 12:33:49'),(34,'Просмотр списка заявок','Просмотр списка заявок',43,'index','2015-07-03 12:40:06','2015-07-03 12:40:06'),(35,'Создание доступа','Создание доступа',44,'create_admin','2015-09-16 13:21:36','2015-09-16 13:21:36'),(36,'просмотр списка контрактов','просмотр списка контрактов',44,'index','2015-09-16 13:22:55','2015-09-16 13:22:55'),(37,'Просмотр списка','Просмотр списка',46,'index','2015-11-09 20:02:35','2015-11-09 20:02:35'),(38,'Просмотр списка','Просмотр списка',47,'index','2015-11-09 20:46:25','2015-11-09 20:46:25'),(39,'Перегляд списку','Перегляд списку',49,'index','2015-11-09 21:24:54','2015-11-09 21:24:54'),(40,'Перегляд списку','Перегляд списку',50,'index','2015-11-09 21:25:07','2015-11-09 21:25:07'),(41,'Просмотр списка','Просмотр списка',51,'index','2015-11-10 10:19:24','2015-11-10 10:19:24'),(42,'Перегляд списку','Перегляд списку',52,'index','2015-11-10 11:41:30','2015-11-10 11:41:30'),(43,'Перегляд списку','Перегляд списку',53,'index','2015-11-10 12:20:33','2015-11-10 12:20:33'),(44,'Перегляд списку','Перегляд списку',55,'index','2015-11-10 18:24:22','2015-11-10 18:24:22'),(45,'Перегляд списку','Перегляд списку',57,'index','2015-11-11 08:09:12','2015-11-11 08:09:12'),(46,'Перегляд списку','Перегляд списку',60,'index','2015-11-11 09:19:04','2015-11-11 09:19:04'),(47,'Перегляд списку','Перегляд списку',59,'index','2015-11-11 09:19:17','2015-11-11 09:19:17'),(48,'Перегляд списку','Перегляд списку',58,'index','2015-11-11 09:19:23','2015-11-11 09:19:23'),(49,'Перегляд списку','Перегляд списку',61,'index','2015-11-13 13:56:43','2015-11-13 13:56:43'),(50,'Перегляд','Перегляд',62,'index','2015-11-16 12:34:28','2015-11-16 12:34:28'),(51,'Резюме','Резюме',63,'index','2015-11-16 12:54:28','2015-11-16 12:54:28'),(52,'Перегляд','Перегляд',64,'index','2016-01-23 10:11:53','2016-01-23 10:11:53');

/*Table structure for table `b1_admin_permissions_roles` */

DROP TABLE IF EXISTS `b1_admin_permissions_roles`;

CREATE TABLE `b1_admin_permissions_roles` (
  `role_id` int(11) NOT NULL,
  `permission_id` int(11) NOT NULL,
  UNIQUE KEY `b1_admin_permissions_roles_index` (`permission_id`,`role_id`)
) ENGINE=InnoDB DEFAULT CHARSET=utf8;

/*Data for the table `b1_admin_permissions_roles` */

insert  into `b1_admin_permissions_roles`(`role_id`,`permission_id`) values (1,1),(1,2),(1,3),(1,4),(1,32),(1,37),(1,39),(1,40),(1,41),(1,42),(1,43),(1,44),(1,45),(1,46),(1,47),(1,48),(1,49),(1,50),(1,51),(1,52);

/*Table structure for table `b1_admin_roles` */

DROP TABLE IF EXISTS `b1_admin_roles`;

CREATE TABLE `b1_admin_roles` (
  `id` int(11) NOT NULL AUTO_INCREMENT,
  `name` varchar(30) NOT NULL,
  `desc_uk` varchar(50) NOT NULL,
  `desc_en` varchar(50) NOT NULL,
  `created_at` datetime DEFAULT NULL,
  `updated_at` datetime DEFAULT NULL,
  PRIMARY KEY (`id`)
) ENGINE=InnoDB AUTO_INCREMENT=2 DEFAULT CHARSET=utf8;

/*Data for the table `b1_admin_roles` */

insert  into `b1_admin_roles`(`id`,`name`,`desc_uk`,`desc_en`,`created_at`,`updated_at`) values (1,'Admin','Can access to admin panel','Can access to admin panel','2015-02-11 15:52:49','2015-02-11 15:52:49');

/*Table structure for table `b1_admin_roles_users` */

DROP TABLE IF EXISTS `b1_admin_roles_users`;

CREATE TABLE `b1_admin_roles_users` (
  `role_id` int(11) NOT NULL,
  `user_id` int(11) NOT NULL,
  UNIQUE KEY `b1_admin_roles_users_index` (`role_id`,`user_id`)
) ENGINE=InnoDB DEFAULT CHARSET=utf8;

/*Data for the table `b1_admin_roles_users` */

insert  into `b1_admin_roles_users`(`role_id`,`user_id`) values (1,1);

/*Table structure for table `b1_admin_users` */

DROP TABLE IF EXISTS `b1_admin_users`;

CREATE TABLE `b1_admin_users` (
  `id` int(11) NOT NULL AUTO_INCREMENT,
  `name` varchar(255) DEFAULT NULL,
  `email` varchar(255) NOT NULL,
  `phone` varchar(255) DEFAULT NULL,
  `position` varchar(255) DEFAULT NULL,
  `password_digest` varchar(255) NOT NULL,
  `blocked` tinyint(1) DEFAULT '0',
  `blocked_until` datetime DEFAULT NULL,
  `wrong_password_attempts` int(11) DEFAULT '0',
  `signins_count` int(11) DEFAULT '0',
  `active` tinyint(1) DEFAULT '1',
  `avatar_file_name` varchar(255) DEFAULT NULL,
  `avatar_content_type` varchar(255) DEFAULT NULL,
  `avatar_file_size` int(11) DEFAULT NULL,
  `avatar_updated_at` datetime DEFAULT NULL,
  `created_at` datetime DEFAULT NULL,
  `updated_at` datetime DEFAULT NULL,
  `hotelier_id` varchar(255) DEFAULT NULL,
  `contract_owner_id` varchar(255) DEFAULT NULL,
  PRIMARY KEY (`id`),
  KEY `index_b1_admin_users_on_email_and_blocked_and_active` (`email`,`blocked`,`active`)
) ENGINE=InnoDB AUTO_INCREMENT=2 DEFAULT CHARSET=utf8;

/*Data for the table `b1_admin_users` */

insert  into `b1_admin_users`(`id`,`name`,`email`,`phone`,`position`,`password_digest`,`blocked`,`blocked_until`,`wrong_password_attempts`,`signins_count`,`active`,`avatar_file_name`,`avatar_content_type`,`avatar_file_size`,`avatar_updated_at`,`created_at`,`updated_at`,`hotelier_id`,`contract_owner_id`) values (1,'Admin','admin@admin.net','+380937799996','1654544','$2a$10$u4WcPWJSt4LPCwIPHNT.1u0ICg8.LqqQ39isNoStQYx6l6wbB356C',0,NULL,0,0,1,NULL,NULL,0,'0000-00-00 00:00:00','0000-00-00 00:00:00','0000-00-00 00:00:00',NULL,NULL);

/*Table structure for table `categories` */

DROP TABLE IF EXISTS `categories`;

CREATE TABLE `categories` (
  `id` int(11) NOT NULL AUTO_INCREMENT,
  `title` varchar(255) COLLATE utf8_unicode_ci NOT NULL,
  `parent_id` int(11) NOT NULL DEFAULT '0',
  `seo_name` varchar(255) COLLATE utf8_unicode_ci NOT NULL,
  `position` int(11) NOT NULL DEFAULT '0',
  `created_at` datetime DEFAULT NULL,
  `updated_at` datetime DEFAULT NULL,
  `desc` longtext COLLATE utf8_unicode_ci,
  `only_photos` tinyint(1) DEFAULT NULL,
  PRIMARY KEY (`id`),
  KEY `index_categories_on_parent_id` (`parent_id`),
  KEY `index_categories_on_position` (`position`),
  KEY `index_categories_on_seo_name` (`seo_name`)
) ENGINE=InnoDB AUTO_INCREMENT=10 DEFAULT CHARSET=utf8 COLLATE=utf8_unicode_ci;

/*Data for the table `categories` */

insert  into `categories`(`id`,`title`,`parent_id`,`seo_name`,`position`,`created_at`,`updated_at`,`desc`,`only_photos`) values (1,'GRAMMAR',0,'qwefqwefqwef',0,'2015-11-10 18:45:47','2015-11-21 11:17:46','wqefwqefwqefwqefweqfwef',NULL),(2,'VOCABULARY',0,'qwefqwef',0,'2015-11-10 18:54:59','2015-11-21 11:17:40','weqfwqefwqefweqfew',1),(3,'Цитата тижня',2,'tsuatsujatsjuatsuja',0,'2015-11-12 20:34:52','2015-11-21 11:19:07','Цитата тижня',1),(4,'READING',0,'READING',0,'2015-11-21 11:18:13','2015-11-21 11:18:13','READING',NULL),(5,'WRITINGЕ',0,'WRITINGe',0,'2015-11-21 11:18:23','2015-11-21 11:18:23','WRITINGЕ',NULL),(6,'LISTENING',0,'LISTENING',0,'2015-11-21 11:18:31','2015-11-21 11:18:31','LISTENING',NULL),(7,'SPEAK LIFE',0,'SPEAK-LIFE',0,'2015-11-21 11:18:38','2015-11-21 11:18:38','SPEAK LIFE',NULL),(8,'Сучасна англійська',2,'suchasna-anglіjs\'ka',0,'2015-11-21 11:19:40','2015-11-21 11:19:40','Сучасна англійська',0),(9,'Фразові дієслова та ідіоми',2,'frazovі-dієslova-ta-іdіomi',0,'2015-11-21 11:20:05','2015-11-21 11:20:05','Фразові дієслова та ідіоми',NULL);

/*Table structure for table `courses` */

DROP TABLE IF EXISTS `courses`;

CREATE TABLE `courses` (
  `id` int(11) NOT NULL AUTO_INCREMENT,
  `name` varchar(255) COLLATE utf8_unicode_ci NOT NULL DEFAULT '',
  `course_type` varchar(255) COLLATE utf8_unicode_ci NOT NULL,
  `active` tinyint(1) NOT NULL DEFAULT '1',
  `created_at` datetime DEFAULT NULL,
  `updated_at` datetime DEFAULT NULL,
  `logo_file_name` varchar(255) COLLATE utf8_unicode_ci DEFAULT NULL,
  `logo_content_type` varchar(255) COLLATE utf8_unicode_ci DEFAULT NULL,
  `logo_file_size` int(11) DEFAULT NULL,
  `logo_updated_at` datetime DEFAULT NULL,
  `seo` varchar(255) COLLATE utf8_unicode_ci NOT NULL DEFAULT '',
  `title` varchar(255) COLLATE utf8_unicode_ci DEFAULT NULL,
  `desc` text COLLATE utf8_unicode_ci,
  `date_start` date DEFAULT NULL,
  `fb_link` varchar(255) COLLATE utf8_unicode_ci DEFAULT NULL,
  PRIMARY KEY (`id`),
  KEY `index_courses_on_course_type` (`course_type`)
) ENGINE=InnoDB AUTO_INCREMENT=20 DEFAULT CHARSET=utf8 COLLATE=utf8_unicode_ci;

/*Data for the table `courses` */

insert  into `courses`(`id`,`name`,`course_type`,`active`,`created_at`,`updated_at`,`logo_file_name`,`logo_content_type`,`logo_file_size`,`logo_updated_at`,`seo`,`title`,`desc`,`date_start`,`fb_link`) values (5,'READING WITH FUN','club',1,'2015-11-11 09:28:26','2016-01-12 19:37:31','course-icon-1.png','image/png',11929,'2015-11-16 13:13:39','reading','READING GROUP','<p dir=\"ltr\" style=\"line-height:1.38;margin-top:0pt;margin-bottom:0pt;\"><span style=\"font-size: 14.6667px; font-weight: 400; font-style: normal; font-variant: normal; text-decoration: none; vertical-align: baseline; white-space: pre-wrap; font-family: \'Helvetica Neue\'; background-color: transparent; color: inherit;\">Читання є невід’ємною частиною вивчення будь-якої мови. У Reading Group ти наберешся нових слів та звикнеш до справжньої «живої» англійської.</span></p><p dir=\"ltr\" style=\"line-height:1.38;margin-top:0pt;margin-bottom:0pt;\"><span style=\"font-family: \'Helvetica Neue\'; color: inherit;\"><br></span></p><p dir=\"ltr\" style=\"line-height:1.38;margin-top:0pt;margin-bottom:0pt;\"><span style=\"font-size: 14.6667px; font-weight: 400; font-style: normal; font-variant: normal; text-decoration: none; vertical-align: baseline; white-space: pre-wrap; font-family: \'Helvetica Neue\'; background-color: transparent; color: inherit;\">Тут ми обговорюємо прочитане, переглядаємо відео, дискутуємо. Матеріалами для читання є малі цікаві історії різної тематики. Заняття пізнавальні, бо кожного разу ми вивчаємо щось нове. Тому, до навчання в групі можна долучатися будь-коли.</span></p><p dir=\"ltr\" style=\"line-height:1.38;margin-top:0pt;margin-bottom:0pt;\"><br></p><p dir=\"ltr\" style=\"line-height:1.38;margin-top:0pt;margin-bottom:0pt;\"><span style=\"font-family: \'Helvetica Neue\'; color: inherit;\"><span style=\"font-size: 14.6667px; font-weight: 400; font-style: normal; font-variant: normal; text-decoration: none; vertical-align: baseline; white-space: pre-wrap; background-color: transparent;\">Отож, якщо хочеш мати досконалу англійську, відмінну техніку читання, збільшити свій </span></span><span style=\"color: inherit; font-size: 14.6667px; white-space: pre-wrap; font-family: \'Helvetica Neue\'; line-height: 1.42857; background-color: transparent;\">англійський словниковий запас та дізнатися багато цікавого – тобі сюди!</span></p><p></p><p style=\"margin-bottom: 15px; padding: 0px; border: 0px; font-stretch: inherit; font-size: 14px; line-height: 21px; vertical-align: baseline; text-align: center;\"><span style=\"font-size: 14.6667px; white-space: pre-wrap; line-height: 1.38; font-family: \'Helvetica Neue\'; background-color: transparent; color: inherit;\">Реєструйся та поспішай освоювати readin</span><span style=\"font-size: 14.6667px; white-space: pre-wrap; line-height: 1.38; font-family: \'Helvetica Neue\'; background-color: transparent; color: inherit;\">g!</span><br></p>',NULL,'https://www.facebook.com/groups/410039422502206/'),(6,'ART AND CULTURE GROUP','club',1,'2015-11-16 13:21:20','2016-01-12 19:27:34','course-icon-2.png','image/png',13273,'2015-11-16 13:21:40','art',NULL,'<p dir=\"ltr\" style=\"line-height:1.38;margin-top:0pt;margin-bottom:0pt;\"><span style=\"font-size: 14.6667px; font-weight: 400; font-style: normal; font-variant: normal; text-decoration: none; vertical-align: baseline; white-space: pre-wrap; font-family: \'Helvetica Neue\'; background-color: transparent; color: inherit;\">У групі Art and Culture ми насолоджуємося мистецтвом та практикуємо свою англійську.</span></p><p dir=\"ltr\" style=\"line-height:1.38;margin-top:0pt;margin-bottom:0pt;\"><span style=\"font-size: 14.6667px; font-weight: 400; font-style: normal; font-variant: normal; text-decoration: none; vertical-align: baseline; white-space: pre-wrap; font-family: \'Helvetica Neue\'; background-color: transparent; color: inherit;\">На заняттях говоримо про мистецтво в цілому, обговорюємо важливі події і те, що варте уваги кожного. Такі заняття будуть особливо цікавими для творчих людей.</span></p><p dir=\"ltr\" style=\"line-height:1.38;margin-top:0pt;margin-bottom:0pt;\"><span style=\"font-size: 16px; font-weight: 400; font-style: normal; font-variant: normal; text-decoration: none; vertical-align: baseline; white-space: pre-wrap; font-family: \'Helvetica Neue\'; background-color: transparent; color: inherit;\"> </span></p><p dir=\"ltr\" style=\"line-height:1.38;margin-top:0pt;margin-bottom:0pt;\"><span style=\"font-size: 14.6667px; font-weight: 400; font-style: normal; font-variant: normal; text-decoration: none; vertical-align: baseline; white-space: pre-wrap; font-family: \'Helvetica Neue\'; background-color: transparent; color: inherit;\">З Art and Culture Group ти маєш можливість відвідувати пізнавальні та актуальні виставки, презентації, брати участь у різноманітних майстер-класах та знайомитися з видатними людьми у цій сфері.</span></p><p dir=\"ltr\" style=\"line-height:1.38;margin-top:0pt;margin-bottom:0pt;\"><span style=\"font-size: 14.6667px; font-weight: 400; font-style: normal; font-variant: normal; text-decoration: none; vertical-align: baseline; white-space: pre-wrap; font-family: \'Helvetica Neue\'; background-color: transparent; color: inherit;\">Згодом ми ділимось враженнями від побаченого, а також постійно дізнаємося щось цікаве. Тут ти покращиш свій рівень розмовної англійської, набудеш нових знань, закріпиш потрібну інформацію.</span></p><p style=\"margin-bottom: 15px; padding: 0px; border: 0px; font-stretch: inherit; font-size: 14px; line-height: 21px; vertical-align: baseline; text-align: center;\"><span style=\"font-size: 14.6667px; line-height: 1.38; white-space: pre-wrap; font-family: \'Helvetica Neue\'; background-color: transparent; color: inherit;\"><br></span></p><p style=\"margin-bottom: 15px; padding: 0px; border: 0px; font-stretch: inherit; font-size: 14px; line-height: 21px; vertical-align: baseline; text-align: center;\"><span style=\"font-size: 14.6667px; line-height: 1.38; white-space: pre-wrap; font-family: \'Helvetica Neue\'; background-color: transparent; color: inherit;\">Заняття проводяться в арт-галереї IconArt на вул. Вірменській 26, що знаходиться у центрі Львова.</span><br></p>',NULL,NULL),(7,'TRAVELLING GROUP','club',1,'2015-11-16 13:22:11','2016-01-12 19:14:21','course-icon-3.png','image/png',15899,'2015-11-16 13:22:21','travel',NULL,'<p dir=\"ltr\" style=\"line-height:1.38;margin-top:0pt;margin-bottom:0pt;\"><span style=\"font-size: 14.6667px; font-weight: 400; font-style: normal; font-variant: normal; text-decoration: none; vertical-align: baseline; white-space: pre-wrap; font-family: \'Helvetica Neue\'; background-color: transparent; color: inherit;\">Любиш подорожувати? Мрієш відвідати якусь країну? Пам\'ятай, що без знання англійської це практично неможливо. Покращуй свій рівень знань у Travelling Group.</span></p><p dir=\"ltr\" style=\"line-height:1.38;margin-top:0pt;margin-bottom:0pt;\"><span style=\"font-family: \'Helvetica Neue\'; color: inherit;\"><br></span></p><p style=\"margin-bottom: 15px; padding: 0px; border: 0px; font-stretch: inherit; font-size: 14px; line-height: 21px; vertical-align: baseline; text-align: center;\"><span style=\"font-family: \'Helvetica Neue\'; color: inherit;\"><span style=\"font-size: 14.6667px; white-space: pre-wrap; line-height: 1.38; background-color: transparent;\">Travelling Group – це можливість вивчити специфічну лексику, набратися досвіду в умілих мандрівників, дізнатись нюанси перебування в тій чи іншій країні, покращити </span><span style=\"font-size: 14.6667px; white-space: pre-wrap; line-height: 1.38; background-color: transparent;\">свою “розмовну” англійську. Тут ти дізнаєшся багато нового та потрібного для </span><span style=\"font-size: 14.6667px; white-space: pre-wrap; line-height: 1.38; background-color: transparent;\">того, аби податися у пошуки пригод.</span></span></p><p dir=\"ltr\" style=\"line-height:1.38;margin-top:0pt;margin-bottom:0pt;\"><span style=\"font-size: 14.6667px; font-weight: 400; font-style: normal; font-variant: normal; text-decoration: none; vertical-align: baseline; white-space: pre-wrap; font-family: \'Helvetica Neue\'; background-color: transparent; color: inherit;\">Поповни свій “наплічник знань”, який тобі неодмінно згодиться у будь-якій країні! Відвідуючи Travelling Group, ти почуватимешся закордоном як “у своїй тарілці”.</span></p><p dir=\"ltr\" style=\"line-height:1.38;margin-top:0pt;margin-bottom:0pt;\"><br></p><p style=\"margin-bottom: 15px; padding: 0px; border: 0px; font-stretch: inherit; font-size: 14px; line-height: 21px; vertical-align: baseline; text-align: center;\"><span style=\"font-size: 14.6667px; white-space: pre-wrap; line-height: 1.38; font-family: \'Helvetica Neue\'; background-color: transparent; color: inherit;\">Обирай країну та подорожуй разом з нами!</span><br></p>',NULL,'https://www.facebook.com/groups/817642528352130/'),(8,'MOVIES GROUP','club',1,'2015-11-16 13:25:15','2016-01-14 13:16:27','course-icon-4.png','image/png',17590,'2015-11-16 13:25:35','movie',NULL,'<p dir=\"ltr\" style=\"line-height:1.38;margin-top:0pt;margin-bottom:0pt;\"><span style=\"font-size: 14.6667px; font-weight: 400; font-style: normal; font-variant: normal; text-decoration: none; vertical-align: baseline; white-space: pre-wrap; font-family: \'Helvetica Neue\'; color: inherit;\">З’явився новий довгоочікуваний фільм, але ти мусиш чекати якісного перекладу? Не стримуй себе у задоволенні та насолоджуйся улюбленими стрічками в оригіналі!</span></p><p dir=\"ltr\" style=\"line-height:1.38;margin-top:0pt;margin-bottom:0pt;\"><span style=\"font-size: 14.6667px; font-weight: 400; font-style: normal; font-variant: normal; text-decoration: none; vertical-align: baseline; white-space: pre-wrap; font-family: \'Helvetica Neue\'; color: inherit;\">В Movies &amp; English group ми поєднуємо приємне з корисним: дивимось фільми, серіали, мультики, короткометражки та інші відео. Потім ми разом обговорюємо переглянуту стрічку, розбираємо складні моменти, ідіоми, сленг та незрозумілі слова.</span></p><p dir=\"ltr\" style=\"line-height:1.38;margin-top:0pt;margin-bottom:0pt;\"><br></p><p dir=\"ltr\" style=\"line-height:1.38;margin-top:0pt;margin-bottom:0pt;\"><span style=\"font-family: \'Helvetica Neue\'; color: inherit;\"><span style=\"font-size: 14.6667px; font-weight: 400; font-style: normal; font-variant: normal; text-decoration: none; vertical-align: baseline; white-space: pre-wrap;\">Перегляд відео англійською дає можливість сприймати інформацію безпосередньо від носія мови, що дозволяє</span><span style=\"font-size: 14.6667px; font-weight: 400; font-style: normal; font-variant: normal; text-decoration: none; vertical-align: baseline; white-space: pre-wrap;\"> </span><span style=\"font-size: 14.6667px; font-weight: 400; font-style: normal; font-variant: normal; text-decoration: none; vertical-align: baseline; white-space: pre-wrap;\">“вловити” як </span><span style=\"font-size: 14.6667px; font-weight: 400; font-style: normal; font-variant: normal; text-decoration: none; vertical-align: baseline; white-space: pre-wrap;\">особливості вимови, так і вживання тих чи інших слів або висловів.</span><span style=\"font-size: 14.6667px; font-weight: 400; font-style: normal; font-variant: normal; text-decoration: none; vertical-align: baseline; white-space: pre-wrap;\"> </span><span style=\"font-size: 14.6667px; font-weight: 400; font-style: normal; font-variant: normal; text-decoration: none; vertical-align: baseline; white-space: pre-wrap;\">Гарантуємо, що з деякими мультиками та фільмами </span><span style=\"font-size: 14.6667px; font-weight: 400; font-style: normal; font-variant: normal; text-decoration: none; vertical-align: baseline; white-space: pre-wrap;\">твої мовні навички будуть підвищуватись разом із настроєм!</span></span></p><p dir=\"ltr\" style=\"line-height:1.38;margin-top:0pt;margin-bottom:0pt;\"><span style=\"font-family: \'Helvetica Neue\'; color: inherit;\"><span style=\"font-size: 14.6667px; line-height: 1.38; white-space: pre-wrap;\">Заняття </span><span style=\"font-size: 14.6667px; white-space: pre-wrap; line-height: 1.38;\">в Movies &amp; English group відбуваються по вівторках. Тож готуй попкорн</span></span></p><p dir=\"ltr\" style=\"line-height:1.38;margin-top:0pt;margin-bottom:0pt;\"><span style=\"font-size: 14.6667px; font-weight: 400; font-style: normal; font-variant: normal; text-decoration: none; vertical-align: baseline; white-space: pre-wrap; font-family: \'Helvetica Neue\'; color: inherit;\">і гайда на заняття!</span></p>',NULL,'https://www.facebook.com/groups/396519967212146/'),(9,'LIFESTYLE GROUP','club',1,'2015-11-16 13:26:08','2016-01-12 19:32:17','course-icon-5.png','image/png',22895,'2015-11-16 13:26:15','lifestyle',NULL,'<p dir=\"ltr\" style=\"line-height:1.38;margin-top:0pt;margin-bottom:0pt;\"><span style=\"font-size: 14.6667px; font-weight: 400; font-style: normal; font-variant: normal; text-decoration: none; vertical-align: baseline; white-space: pre-wrap; font-family: \'Helvetica Neue\'; background-color: transparent; color: inherit;\">Lifestyle Group – це можливість вдосконалити англійську та краще осягнути життя.</span></p><p dir=\"ltr\" style=\"line-height:1.38;margin-top:0pt;margin-bottom:0pt;\"><span style=\"font-family: \'Helvetica Neue\'; color: inherit;\"><span style=\"font-size: 14.6667px; font-weight: 400; font-style: normal; font-variant: normal; text-decoration: none; vertical-align: baseline; white-space: pre-wrap; background-color: transparent;\">Тут ми не просто говоримо про життя англійською мовою, ми збагачуємо свій кругозір, </span><span style=\"font-size: 14.6667px; font-weight: 400; font-style: normal; font-variant: normal; text-decoration: none; vertical-align: baseline; white-space: pre-wrap; background-color: transparent;\">дискутуємо про життєво важливі теми.</span></span></p><p dir=\"ltr\" style=\"line-height:1.38;margin-top:0pt;margin-bottom:0pt;\"><br></p><p style=\"margin-bottom: 15px; padding: 0px; border: 0px; font-stretch: inherit; font-size: 14px; line-height: 21px; vertical-align: baseline; text-align: center;\"><span style=\"font-family: \'Helvetica Neue\'; color: inherit;\"><span style=\"font-size: 14.6667px; white-space: pre-wrap; line-height: 1.38; background-color: transparent;\">Кожного заняття – нова тема, нові історії та враження. У Lifestyle Group ти дізнаєшся більше про спосіб та стиль життя іноземців. На заняттях &nbsp;набиратимешся багатьох нових слів, практикуватимеш мовні навички та збагатишся знаннями.</span><br></span></p><p style=\"margin-bottom: 15px; padding: 0px; border: 0px; font-stretch: inherit; font-size: 14px; line-height: 21px; vertical-align: baseline; text-align: center;\"><span style=\"font-size: 14.6667px; white-space: pre-wrap; line-height: 1.38; font-family: \'Helvetica Neue\'; background-color: transparent; color: inherit;\">Приходь в Lifestyle Group, нам є про що поговорити!</span><br></p>',NULL,'https://www.facebook.com/groups/349271705230769/'),(10,'ENGLISH THROUGH GAMES','club',1,'2015-11-16 13:26:41','2016-01-12 19:24:21','course-icon-6.png','image/png',16311,'2015-11-16 13:27:03','games',NULL,'<p dir=\"ltr\" style=\"line-height:1.38;margin-top:0pt;margin-bottom:0pt;\"><span style=\"font-size: 14.6667px; font-weight: 400; font-style: normal; font-variant: normal; text-decoration: none; vertical-align: baseline; white-space: pre-wrap; font-family: \'Helvetica Neue\'; background-color: transparent; color: inherit;\">Якщо ти любитель інтелектуальних ігор, головоломок, або запальних ігор для компанії, тоді тобі у English through Games. Тут ми перетворюємо вивчення англійської мови у цікаву та захопливу гру.</span></p><p dir=\"ltr\" style=\"line-height:1.38;margin-top:0pt;margin-bottom:0pt;\"><span style=\"font-family: \'Helvetica Neue\'; color: inherit;\"><br></span></p><p style=\"margin-bottom: 15px; padding: 0px; border: 0px; font-stretch: inherit; font-size: 14px; line-height: 21px; vertical-align: baseline; text-align: center;\"><span style=\"font-family: \'Helvetica Neue\'; color: inherit;\"><span style=\"font-size: 14.6667px; white-space: pre-wrap; line-height: 1.38; background-color: transparent;\">Використання настільних ігор для вивчення мови є ефективним способом викликати інтерес до навчання та підтримувати його упродовж тривалого часу. Під час гри на </span><span style=\"font-size: 14.6667px; white-space: pre-wrap; line-height: 1.38; background-color: transparent;\">занятті English through Games спілкуються лише англійською мовою, що розвиває </span><span style=\"font-size: 14.6667px; white-space: pre-wrap; line-height: 1.38; background-color: transparent;\">мислення англійською, вчить правильно формулювати думку, збільшує словниковий </span><span style=\"font-size: 14.6667px; white-space: pre-wrap; line-height: 1.38; background-color: transparent;\">запас.</span></span></p><p dir=\"ltr\" style=\"line-height:1.38;margin-top:0pt;margin-bottom:0pt;\"><span style=\"font-family: \'Helvetica Neue\'; color: inherit;\"><span style=\"font-size: 14.6667px; font-weight: 400; font-style: normal; font-variant: normal; text-decoration: none; vertical-align: baseline; white-space: pre-wrap; background-color: transparent;\">Тобі не доведеться зубрити багато слів тут, заняття є ненав’язливими та</span><span style=\"font-size: 14.6667px; font-weight: 400; font-style: normal; font-variant: normal; text-decoration: none; vertical-align: baseline; white-space: pre-wrap; background-color: transparent;\"><br class=\"kix-line-break\"></span></span></p><p><span style=\"font-family: \'Helvetica Neue\';\"><span style=\"font-size: 14.6667px; font-weight: 400; font-style: normal; font-variant: normal; text-decoration: none; vertical-align: baseline; white-space: pre-wrap; background-color: transparent; color: inherit;\">інтерактивними, а новий матеріал легко запам’ятовується.</span></span></p><p></p><p style=\"margin-bottom: 15px; padding: 0px; border: 0px; font-stretch: inherit; font-size: 14px; line-height: 21px; vertical-align: baseline; text-align: center;\"><span style=\"font-family: \'Helvetica Neue\'; color: inherit;\"><span style=\"font-size: 14.6667px; white-space: pre-wrap; line-height: 1.38; background-color: transparent;\">У English through Games час летить непомітно, а знання залишаються. Приходь на </span><span style=\"font-size: 14.6667px; white-space: pre-wrap; line-height: 1.38; background-color: transparent;\">заняття та перетвори навчання на захопливе проведення часу.</span></span></p><p style=\"margin-bottom: 15px; padding: 0px; border: 0px; font-stretch: inherit; font-size: 14px; line-height: 21px; vertical-align: baseline; text-align: center;\"><span style=\"font-size: 14.6667px; white-space: pre-wrap; line-height: 1.38; font-family: \'Helvetica Neue\'; background-color: transparent; color: inherit;\">Зіграємо?</span><span style=\"color: inherit;\"><span style=\"font-size: 14.6667px; white-space: pre-wrap; line-height: 1.38; font-family: \'Helvetica Neue\'; background-color: transparent;\"> </span><span style=\"font-size: 14.6667px; white-space: pre-wrap; line-height: 1.38; font-family: \'Helvetica Neue\'; background-color: transparent;\">;)</span></span><br></p>',NULL,NULL),(11,'COOKING GROUP','club',1,'2015-11-16 13:26:55','2016-01-12 18:43:02','course-icon-7.png','image/png',36167,'2015-11-16 13:27:11','cook',NULL,'<p dir=\"ltr\" style=\"line-height:1.38;margin-top:0pt;margin-bottom:0pt;\"><span style=\"font-size: 14.6667px; font-weight: 400; font-style: normal; font-variant: normal; text-decoration: none; vertical-align: baseline; white-space: pre-wrap; font-family: \'Helvetica Neue\'; background-color: transparent; color: inherit;\">Cooking Group надає тобі унікальну можливість вивчати англійську та покращувати свої кулінарні здібності.</span></p><p dir=\"ltr\" style=\"line-height:1.38;margin-top:0pt;margin-bottom:0pt;\"><span style=\"font-size: 14.6667px; font-weight: 400; font-style: normal; font-variant: normal; text-decoration: none; vertical-align: baseline; white-space: pre-wrap; font-family: \'Helvetica Neue\'; background-color: transparent; color: inherit;\">Особливість наших “кулінарних” занять в тому, що вони відбуваються лише англійською мовою: процес приготування, назви інгредієнтів, страв, приладдя, тощо.</span></p><p dir=\"ltr\" style=\"line-height:1.38;margin-top:0pt;margin-bottom:0pt;\"><span style=\"font-family: \'Helvetica Neue\'; color: inherit;\"><br></span></p><p style=\"margin-bottom: 15px; padding: 0px; border: 0px; font-stretch: inherit; font-size: 14px; line-height: 21px; vertical-align: baseline; text-align: center;\"><span style=\"font-family: \'Helvetica Neue\'; color: inherit;\"><span style=\"font-size: 14.6667px; vertical-align: baseline; white-space: pre-wrap; background-color: transparent;\">Ти навчишся готувати традиційну американську їжу та страви інших національних </span><span style=\"font-size: 14.6667px; vertical-align: baseline; white-space: pre-wrap; background-color: transparent;\">кухонь і водночас зможеш повправлятися у послідовному викладенні думки, </span><span style=\"font-size: 14.6667px; vertical-align: baseline; white-space: pre-wrap; background-color: transparent;\">збільшиш свій словниковий запас та дізнаєшся багато цікавого.</span><br></span></p><p dir=\"ltr\" style=\"line-height:1.38;margin-top:0pt;margin-bottom:0pt;\"><span style=\"font-family: \'Helvetica Neue\'; color: inherit;\"><span style=\"font-size: 14.6667px; font-weight: 400; font-style: normal; font-variant: normal; text-decoration: none; vertical-align: baseline; white-space: pre-wrap; background-color: transparent;\"> </span><span style=\"font-size: 14.6667px; white-space: pre-wrap; line-height: 1.38; background-color: transparent;\">Реєструйся на заняття у Cooking Group та поспішай на “смачне” навчання. Хтозна, можливо ми приготуємо саме твою улюблену страву?</span></span></p><div><span style=\"font-size:14.666666666666666px;font-family:Arial;color:#000000;background-color:transparent;font-weight:400;font-style:normal;font-variant:normal;text-decoration:none;vertical-align:baseline;white-space:pre-wrap;\"><br></span></div>',NULL,NULL),(12,'Загальний Курс Англійської Мови','school',1,'2015-11-16 13:47:59','2016-01-14 13:13:02','course-icon-8.png','image/png',18902,'2015-11-16 13:48:08','common',NULL,'<p class=\"yellow\" style=\"margin-bottom: 15px; padding: 0px; border: 0px; font-stretch: inherit; font-size: 14px; line-height: 21px; font-family: robotoregular; vertical-align: baseline; text-transform: uppercase; color: rgb(247, 235, 19); text-align: center;\">КУРС підійде кожному, хто хоче вивчати або вдосконалювати мову</p><p style=\"margin-bottom: 15px; padding: 0px; border: 0px; font-stretch: inherit; font-size: 14px; line-height: 21px; font-family: robotoregular; vertical-align: baseline; text-align: center;\"><span style=\"font-family: Verdana; font-size: 13.3333px; white-space: pre-wrap; line-height: 1.42857; color: inherit;\">Програма розроблена спеціально для різних рівнів володіння мовою: Elementary (елементарний), Pre-Intermediate (нижче середнього), Intermediate (середній) та Upper Intermediate (вище середнього) і передбачає поетапне вивчення мови. Можна вибирати форми навчання: групову або індивідуальну, та інтенсивність: 2, 3 або 4 рази на тиждень.</span></p><div class=\"text-left\" style=\"margin: 0px; padding: 0px; border: 0px; font-stretch: inherit; font-size: 14px; line-height: 21px; vertical-align: baseline;\"><span class=\"yellow\" style=\"font-family: inherit; color: rgb(247, 235, 19); margin: 0px; padding: 0px; border: 0px; border-image-source: initial; border-image-slice: initial; border-image-width: initial; border-image-outset: initial; border-image-repeat: initial; font-style: inherit; font-variant: inherit; font-weight: inherit; font-stretch: inherit; font-size: inherit; line-height: inherit; vertical-align: baseline; text-transform: uppercase;\">Що ви отримаєте:</span><ul class=\"list\" style=\"margin-top: 10px; margin-right: 0px; margin-left: 0px; padding: 0px; border: 0px; border-image-source: initial; border-image-slice: initial; border-image-width: initial; border-image-outset: initial; border-image-repeat: initial; font-style: inherit; font-variant: inherit; font-weight: inherit; font-stretch: inherit; font-size: inherit; line-height: inherit; vertical-align: baseline; list-style: none;\"><li style=\"margin: 0px; padding: 0px 0px 0px 17px; border: 0px; border-image-source: initial; border-image-slice: initial; border-image-width: initial; border-image-outset: initial; border-image-repeat: initial; font-style: inherit; font-variant: inherit; font-weight: inherit; font-stretch: inherit; font-size: inherit; line-height: inherit; vertical-align: baseline; background-attachment: initial; background-size: initial; background-origin: initial; background-clip: initial; background-position: 0px 6px; background-repeat: no-repeat;\"><span id=\"docs-internal-guid-2dc25b9f-3fcc-db11-ad47-a7979b7c8d3a\" style=\"color: inherit;\"><p dir=\"ltr\" style=\"margin-top: 0pt; margin-bottom: 10pt; line-height: 1.2;\"><span id=\"docs-internal-guid-2dc25b9f-4016-f43d-44e5-0ee746a4361b\"><span style=\"font-size: 13.3333px; font-family: Verdana; vertical-align: baseline; white-space: pre-wrap;\">навчитеся говорити розмовною англійською мовою;</span></span><br></p></span></li><li style=\"margin: 0px; padding: 0px 0px 0px 17px; border: 0px; border-image-source: initial; border-image-slice: initial; border-image-width: initial; border-image-outset: initial; border-image-repeat: initial; font-style: inherit; font-variant: inherit; font-weight: inherit; font-stretch: inherit; font-size: inherit; line-height: inherit; vertical-align: baseline; background-attachment: initial; background-size: initial; background-origin: initial; background-clip: initial; background-position: 0px 6px; background-repeat: no-repeat;\"><span id=\"docs-internal-guid-2dc25b9f-3fcd-6497-40b2-5452fbb9082e\" style=\"font-family: \'Helvetica Neue\'; color: inherit;\"><p dir=\"ltr\" style=\"margin-top: 0pt; margin-bottom: 10pt; line-height: 1.2;\"><span style=\"font-size: 13.3333px; vertical-align: baseline; white-space: pre-wrap;\">вивчете багато нових слів;</span></p><p dir=\"ltr\" style=\"margin-top: 0pt; margin-bottom: 10pt; line-height: 1.2;\"><span style=\"font-size: 13.3333px; white-space: pre-wrap; font-style: inherit; font-variant: inherit; font-weight: inherit; line-height: inherit;\"><span style=\"font-family: Verdana; font-size: 13.3333px; font-style: inherit; font-variant: inherit; font-weight: inherit; line-height: inherit;\">покращите вимову, техніку читання</span>;</span></p></span></li></ul><p></p><p></p><p></p><p></p><p></p><p></p><p></p><p></p><p></p><p></p><p></p><p></p><p></p><p></p><p></p><p></p><p></p><p></p><p></p><p></p><p></p><p></p><p></p><p></p><p></p><p></p><p></p><p></p><p></p><p></p><p></p><p></p><p></p><p></p><p></p><p></p><p></p><p></p><ul class=\"list\" style=\"margin-top: 10px; margin-right: 0px; margin-left: 0px; padding: 0px; border: 0px; border-image-source: initial; border-image-slice: initial; border-image-width: initial; border-image-outset: initial; border-image-repeat: initial; font-style: inherit; font-variant: inherit; font-weight: inherit; font-stretch: inherit; font-size: inherit; line-height: inherit; vertical-align: baseline; list-style: none;\"><li style=\"margin: 0px; padding: 0px 0px 0px 17px; border: 0px; border-image-source: initial; border-image-slice: initial; border-image-width: initial; border-image-outset: initial; border-image-repeat: initial; font-style: inherit; font-variant: inherit; font-weight: inherit; font-stretch: inherit; font-size: inherit; line-height: inherit; vertical-align: baseline; background-attachment: initial; background-size: initial; background-origin: initial; background-clip: initial; background-position: 0px 6px; background-repeat: no-repeat;\"><span style=\"font-size: 13.3333px; white-space: pre-wrap; line-height: 1.2; font-style: inherit; font-variant: inherit; font-weight: inherit; font-family: \'Helvetica Neue\'; color: inherit;\"><span id=\"docs-internal-guid-2dc25b9f-4018-a4f2-ecdc-fa4ea622ad6e\"><span style=\"font-size: 13.3333px; font-family: Verdana; vertical-align: baseline;\">вивчите граматику відповідно до вашого рівня англійської</span></span>;</span></li></ul><p></p><p></p><p></p><p></p><p></p><p></p><p></p><p></p><p></p><p></p><p></p><p></p><p></p><p></p><p></p><p></p><p></p><p></p><p></p><p></p><p></p><p></p><p></p><p></p><p></p><p></p><p></p><p></p><p></p><p></p><p></p><p></p><p></p><p></p><p></p><p></p><p></p><p></p><ul class=\"list\" style=\"margin-top: 10px; margin-right: 0px; margin-left: 0px; padding: 0px; border: 0px; border-image-source: initial; border-image-slice: initial; border-image-width: initial; border-image-outset: initial; border-image-repeat: initial; font-style: inherit; font-variant: inherit; font-weight: inherit; font-stretch: inherit; font-size: inherit; line-height: inherit; vertical-align: baseline; list-style: none;\"><li style=\"margin: 0px; padding: 0px 0px 0px 17px; border: 0px; border-image-source: initial; border-image-slice: initial; border-image-width: initial; border-image-outset: initial; border-image-repeat: initial; font-style: inherit; font-variant: inherit; font-weight: inherit; font-stretch: inherit; font-size: inherit; line-height: inherit; vertical-align: baseline; background-attachment: initial; background-size: initial; background-origin: initial; background-clip: initial; background-position: 0px 6px; background-repeat: no-repeat;\"><span style=\"font-size: 13.3333px; vertical-align: baseline; white-space: pre-wrap;\"><span id=\"docs-internal-guid-2dc25b9f-3fcf-4164-3688-712e4744c4d5\" style=\"color: inherit;\"><p dir=\"ltr\" style=\"margin-top: 0pt; margin-bottom: 10pt; line-height: 1.2;\"><span style=\"font-size: 13.3333px; font-style: inherit; font-variant: inherit; font-weight: inherit; line-height: inherit; font-family: \'Helvetica Neue\';\">покращите </span><span style=\"font-family: Verdana; font-size: 13.3333px; font-style: inherit; font-variant: inherit; font-weight: inherit; line-height: inherit;\">свої навички слухання</span><span style=\"font-family: \'Helvetica Neue\'; font-size: inherit; font-style: inherit; font-variant: inherit; font-weight: inherit; line-height: inherit;\">. </span></p></span></span></li></ul><span class=\"yellow\" style=\"font-family: inherit; color: rgb(247, 235, 19); margin: 0px; padding: 0px; border: 0px; border-image-source: initial; border-image-slice: initial; border-image-width: initial; border-image-outset: initial; border-image-repeat: initial; font-style: inherit; font-variant: inherit; font-weight: inherit; font-stretch: inherit; font-size: inherit; line-height: inherit; vertical-align: baseline; text-transform: uppercase;\">ДЕТАЛІ КУРСУ:</span><ul class=\"list\" style=\"margin-top: 10px; margin-right: 0px; margin-left: 0px; font-family: inherit; padding: 0px; border: 0px; border-image-source: initial; border-image-slice: initial; border-image-width: initial; border-image-outset: initial; border-image-repeat: initial; font-style: inherit; font-variant: inherit; font-weight: inherit; font-stretch: inherit; font-size: inherit; line-height: inherit; vertical-align: baseline; list-style: none;\"><li style=\"margin: 0px; padding: 0px 0px 0px 17px; border: 0px; border-image-source: initial; border-image-slice: initial; border-image-width: initial; border-image-outset: initial; border-image-repeat: initial; font-style: inherit; font-variant: inherit; font-weight: inherit; font-stretch: inherit; font-size: inherit; line-height: inherit; font-family: inherit; vertical-align: baseline; background-attachment: initial; background-size: initial; background-origin: initial; background-clip: initial; background-position: 0px 6px; background-repeat: no-repeat;\"><span style=\"color: inherit;\">Кількість людей у групі - 4-6</span></li><li style=\"margin: 0px; padding: 0px 0px 0px 17px; border: 0px; border-image-source: initial; border-image-slice: initial; border-image-width: initial; border-image-outset: initial; border-image-repeat: initial; font-style: inherit; font-variant: inherit; font-weight: inherit; font-stretch: inherit; font-size: inherit; line-height: inherit; font-family: inherit; vertical-align: baseline; background-attachment: initial; background-size: initial; background-origin: initial; background-clip: initial; background-position: 0px 6px; background-repeat: no-repeat;\"><span style=\"color: inherit;\">Інтенсивність - 2, 3 або 4 рази на тиждень</span></li><li style=\"margin: 0px; padding: 0px 0px 0px 17px; border: 0px; border-image-source: initial; border-image-slice: initial; border-image-width: initial; border-image-outset: initial; border-image-repeat: initial; font-style: inherit; font-variant: inherit; font-weight: inherit; font-stretch: inherit; font-size: inherit; line-height: inherit; font-family: inherit; vertical-align: baseline; background-attachment: initial; background-size: initial; background-origin: initial; background-clip: initial; background-position: 0px 6px; background-repeat: no-repeat;\">Тривалість - 4.5, 3.5 або 2.5 місяці (залежить від інтенсивності)</li><li style=\"margin: 0px; padding: 0px 0px 0px 17px; border: 0px; border-image-source: initial; border-image-slice: initial; border-image-width: initial; border-image-outset: initial; border-image-repeat: initial; font-style: inherit; font-variant: inherit; font-weight: inherit; font-stretch: inherit; font-size: inherit; line-height: inherit; font-family: inherit; vertical-align: baseline; background-attachment: initial; background-size: initial; background-origin: initial; background-clip: initial; background-position: 0px 6px; background-repeat: no-repeat;\"><span style=\"color: inherit; font-family: inherit; font-size: inherit; font-style: inherit; font-variant: inherit; font-weight: inherit; line-height: inherit;\">Час - групи - з 18:30 до 20:00, індивідуальні заняття - у домовлений час</span><br></li></ul><span class=\"yellow\" style=\"font-family: robotobold; color: rgb(247, 235, 19); margin: 0px; padding: 0px; border: 0px; border-image-source: initial; border-image-slice: initial; border-image-width: initial; border-image-outset: initial; border-image-repeat: initial; font-style: inherit; font-variant: inherit; font-weight: inherit; font-stretch: inherit; font-size: inherit; line-height: inherit; vertical-align: baseline; text-transform: uppercase;\">ВАРТІСТЬ КУРСУ 600 ГРН./МІС.</span></div>','2016-01-28',NULL),(13,'АНГЛІЙСЬКА БЕЗ АКЦЕНТУ','school',1,'2015-11-16 13:48:34','2016-01-14 11:34:17','course-icon-9.png','image/png',21520,'2015-11-16 13:48:44','accent',NULL,'<p class=\"yellow\" style=\"margin-bottom: 15px; padding: 0px; border: 0px; font-stretch: inherit; font-size: 14px; line-height: 21px; font-family: robotoregular; vertical-align: baseline; text-transform: uppercase; color: rgb(247, 235, 19); text-align: center;\">КУРС РОЗНАХОВАНИЙ НА РІВЕНЬ PRE-INTERMEDIATE і вище</p><p style=\"margin-bottom: 15px; padding: 0px; border: 0px; font-stretch: inherit; font-size: 14px; line-height: 21px; font-family: robotoregular; vertical-align: baseline; color: rgb(255, 255, 255); text-align: center;\">Двохмісячний курс для тих, хто хоче позбавитись акценту та навчитись правильної вимови. Курс особливо буде корисний людям, які збираються здавати іспити IELTS або TOEFL чи виїжджати в англомовні країни.</p><span style=\"margin: 0px; padding: 0px; border: 0px; border-image-source: initial; border-image-slice: initial; border-image-width: initial; border-image-outset: initial; border-image-repeat: initial; font-weight: inherit; font-stretch: inherit; font-size: 14px; line-height: 21px; font-family: robotobold; vertical-align: baseline; color: rgb(255, 255, 255); text-align: center;\">З 20 лютого по 20 квітня</span><br><div class=\"text-left\" style=\"margin: 0px; padding: 0px; border: 0px; font-stretch: inherit; font-size: 14px; line-height: 21px; vertical-align: baseline;\"><span class=\"yellow\" style=\"font-family: inherit; color: rgb(247, 235, 19); margin: 0px; padding: 0px; border: 0px; border-image-source: initial; border-image-slice: initial; border-image-width: initial; border-image-outset: initial; border-image-repeat: initial; font-style: inherit; font-variant: inherit; font-weight: inherit; font-stretch: inherit; font-size: inherit; line-height: inherit; vertical-align: baseline; text-transform: uppercase;\">Ви навчитесь:</span><ul class=\"list\" style=\"margin-top: 10px; margin-right: 0px; margin-left: 0px; padding: 0px; border: 0px; border-image-source: initial; border-image-slice: initial; border-image-width: initial; border-image-outset: initial; border-image-repeat: initial; font-style: inherit; font-variant: inherit; font-weight: inherit; font-stretch: inherit; font-size: inherit; line-height: inherit; vertical-align: baseline; list-style: none;\"><li style=\"margin: 0px; padding: 0px 0px 0px 17px; border: 0px; border-image-source: initial; border-image-slice: initial; border-image-width: initial; border-image-outset: initial; border-image-repeat: initial; font-style: inherit; font-variant: inherit; font-weight: inherit; font-stretch: inherit; font-size: inherit; line-height: inherit; vertical-align: baseline; background-attachment: initial; background-size: initial; background-origin: initial; background-clip: initial; background-position: 0px 6px; background-repeat: no-repeat;\"><span id=\"docs-internal-guid-2dc25b9f-3fcc-db11-ad47-a7979b7c8d3a\"><p dir=\"ltr\" style=\"line-height: 1.2; margin-top: 0pt; margin-bottom: 10pt;\"><span style=\"font-size: 13.3333px; vertical-align: baseline; white-space: pre-wrap; color: inherit; font-family: \'Helvetica Neue\';\">правильно вимовляти кожен звук, і правильно читати;</span></p></span></li><li style=\"margin: 0px; padding: 0px 0px 0px 17px; border: 0px; border-image-source: initial; border-image-slice: initial; border-image-width: initial; border-image-outset: initial; border-image-repeat: initial; font-style: inherit; font-variant: inherit; font-weight: inherit; font-stretch: inherit; font-size: inherit; line-height: inherit; vertical-align: baseline; background-attachment: initial; background-size: initial; background-origin: initial; background-clip: initial; background-position: 0px 6px; background-repeat: no-repeat;\"><span id=\"docs-internal-guid-2dc25b9f-3fcd-6497-40b2-5452fbb9082e\" style=\"color: inherit; font-family: \'Helvetica Neue\';\"><p dir=\"ltr\" style=\"line-height:1.2;margin-top:0pt;margin-bottom:10pt;\"><span style=\"font-size: 13.3333px; vertical-align: baseline; white-space: pre-wrap;\">розрізняти схожі за звучанням звуки;</span></p><p dir=\"ltr\" style=\"line-height:1.2;margin-top:0pt;margin-bottom:10pt;\"><span style=\"font-size: 13.3333px; white-space: pre-wrap; font-style: inherit; font-variant: inherit; font-weight: inherit; line-height: inherit;\">вимовляти звуки в словах та реченнях, виконуючи різні вправи, слухаючи аудіозаписи носіїв мови;</span></p></span></li></ul><p></p><p></p><p></p><p></p><p></p><p></p><p></p><p></p><p></p><p></p><p></p><p></p><p></p><p></p><p></p><p></p><p></p><p></p><ul class=\"list\" style=\"margin-top: 10px; margin-right: 0px; margin-left: 0px; padding: 0px; border: 0px; border-image-source: initial; border-image-slice: initial; border-image-width: initial; border-image-outset: initial; border-image-repeat: initial; font-style: inherit; font-variant: inherit; font-weight: inherit; font-stretch: inherit; font-size: inherit; line-height: inherit; vertical-align: baseline; list-style: none;\"><li style=\"margin: 0px; padding: 0px 0px 0px 17px; border: 0px; border-image-source: initial; border-image-slice: initial; border-image-width: initial; border-image-outset: initial; border-image-repeat: initial; font-style: inherit; font-variant: inherit; font-weight: inherit; font-stretch: inherit; font-size: inherit; line-height: inherit; vertical-align: baseline; background-attachment: initial; background-size: initial; background-origin: initial; background-clip: initial; background-position: 0px 6px; background-repeat: no-repeat;\"><span style=\"color: inherit;\"><span style=\"font-size: 13.3333px; white-space: pre-wrap; line-height: 1.2; font-style: inherit; font-variant: inherit; font-weight: inherit; font-family: \'Helvetica Neue\';\">слухати і розуміти мовлення носіїв мови;</span></span></li></ul><p></p><p></p><p></p><p></p><p></p><p></p><p></p><p></p><p></p><p></p><p></p><p></p><p></p><p></p><p></p><p></p><p></p><p></p><ul class=\"list\" style=\"margin-top: 10px; margin-right: 0px; margin-left: 0px; padding: 0px; border: 0px; border-image-source: initial; border-image-slice: initial; border-image-width: initial; border-image-outset: initial; border-image-repeat: initial; font-style: inherit; font-variant: inherit; font-weight: inherit; font-stretch: inherit; font-size: inherit; line-height: inherit; vertical-align: baseline; list-style: none;\"><li style=\"margin: 0px; padding: 0px 0px 0px 17px; border: 0px; border-image-source: initial; border-image-slice: initial; border-image-width: initial; border-image-outset: initial; border-image-repeat: initial; font-style: inherit; font-variant: inherit; font-weight: inherit; font-stretch: inherit; font-size: inherit; line-height: inherit; vertical-align: baseline; background-attachment: initial; background-size: initial; background-origin: initial; background-clip: initial; background-position: 0px 6px; background-repeat: no-repeat;\"><span style=\"font-size: 13.3333px; vertical-align: baseline; white-space: pre-wrap;\"><span id=\"docs-internal-guid-2dc25b9f-3fcf-4164-3688-712e4744c4d5\" style=\"color: inherit;\"><p dir=\"ltr\" style=\"line-height: 1.2; margin-top: 0pt; margin-bottom: 10pt;\"><span style=\"font-size: inherit; font-style: inherit; font-variant: inherit; font-weight: inherit; line-height: inherit; font-family: \'Helvetica Neue\';\">говорити з правильною інтонацією у відповідному ритмі. </span><span style=\"font-family: Verdana;\"><br></span></p></span></span></li></ul><span class=\"yellow\" style=\"font-family: inherit; color: rgb(247, 235, 19); margin: 0px; padding: 0px; border: 0px; border-image-source: initial; border-image-slice: initial; border-image-width: initial; border-image-outset: initial; border-image-repeat: initial; font-style: inherit; font-variant: inherit; font-weight: inherit; font-stretch: inherit; font-size: inherit; line-height: inherit; vertical-align: baseline; text-transform: uppercase;\">Деталі Курсу:</span><ul class=\"list\" style=\"font-family: inherit; margin-top: 10px; margin-right: 0px; margin-left: 0px; padding: 0px; border: 0px; border-image-source: initial; border-image-slice: initial; border-image-width: initial; border-image-outset: initial; border-image-repeat: initial; font-style: inherit; font-variant: inherit; font-weight: inherit; font-stretch: inherit; font-size: inherit; line-height: inherit; vertical-align: baseline; list-style: none;\"><li style=\"margin: 0px; padding: 0px 0px 0px 17px; border: 0px; border-image-source: initial; border-image-slice: initial; border-image-width: initial; border-image-outset: initial; border-image-repeat: initial; font-style: inherit; font-variant: inherit; font-weight: inherit; font-stretch: inherit; font-size: inherit; line-height: inherit; font-family: inherit; vertical-align: baseline; background-attachment: initial; background-size: initial; background-origin: initial; background-clip: initial; background-position: 0px 6px; background-repeat: no-repeat;\"><span style=\"color: inherit;\">групи до 10 людей</span></li><li style=\"margin: 0px; padding: 0px 0px 0px 17px; border: 0px; border-image-source: initial; border-image-slice: initial; border-image-width: initial; border-image-outset: initial; border-image-repeat: initial; font-style: inherit; font-variant: inherit; font-weight: inherit; font-stretch: inherit; font-size: inherit; line-height: inherit; font-family: inherit; vertical-align: baseline; background-attachment: initial; background-size: initial; background-origin: initial; background-clip: initial; background-position: 0px 6px; background-repeat: no-repeat;\"><span style=\"color: inherit;\">2 рази на тиждень по 2 години</span></li><li style=\"margin: 0px; padding: 0px 0px 0px 17px; border: 0px; border-image-source: initial; border-image-slice: initial; border-image-width: initial; border-image-outset: initial; border-image-repeat: initial; font-style: inherit; font-variant: inherit; font-weight: inherit; font-stretch: inherit; font-size: inherit; line-height: inherit; font-family: inherit; vertical-align: baseline; background-attachment: initial; background-size: initial; background-origin: initial; background-clip: initial; background-position: 0px 6px; background-repeat: no-repeat;\"><span style=\"color: inherit;\">вечірній час, з 19:00 по 21:10</span></li></ul><span class=\"yellow\" style=\"font-family: robotobold; color: rgb(247, 235, 19); margin: 0px; padding: 0px; border: 0px; border-image-source: initial; border-image-slice: initial; border-image-width: initial; border-image-outset: initial; border-image-repeat: initial; font-style: inherit; font-variant: inherit; font-weight: inherit; font-stretch: inherit; font-size: inherit; line-height: inherit; vertical-align: baseline; text-transform: uppercase;\">ВАРТІСТЬ КУРСУ 700 ГРН./Міс.</span></div>','2016-02-20',NULL),(14,'Інтенсив «Галопом по граматиці»','school',1,'2015-11-16 13:49:25','2015-11-16 13:49:34','course-icon-10.png','image/png',18861,'2015-11-16 13:49:34','intensive',NULL,NULL,'2015-11-15',NULL),(15,'Англійська для ІТ-шників','school',1,'2015-11-16 13:51:18','2015-11-16 13:51:28','course-icon-11.png','image/png',14925,'2015-11-16 13:51:27','it',NULL,NULL,'2015-11-15',NULL),(16,'діловата Бізнес англійська','school',1,'2015-11-16 13:52:02','2015-11-16 13:52:12','course-icon-12.png','image/png',10449,'2015-11-16 13:52:12','business',NULL,NULL,'2015-11-15',NULL),(17,'Англійська для фінансової сфери','school',1,'2015-11-16 13:52:42','2015-11-16 13:52:51','course-icon-13.png','image/png',14689,'2015-11-16 13:52:51','financial',NULL,NULL,'2015-11-15',NULL),(18,'Англійська для медсестр','school',1,'2015-11-16 13:53:35','2015-11-16 13:54:14','course-icon-14.png','image/png',14209,'2015-11-16 13:54:14','medical',NULL,NULL,'2015-11-15',NULL),(19,'Англійська для Work & Travel','school',1,'2015-11-16 13:54:34','2016-01-14 12:56:33','course-icon-15.png','image/png',14419,'2015-11-16 13:54:41','wat',NULL,'<p class=\"yellow\" style=\"margin-bottom: 15px; padding: 0px; border: 0px; font-stretch: inherit; font-size: 14px; line-height: 21px; font-family: robotoregular; vertical-align: baseline; text-transform: uppercase; color: rgb(247, 235, 19); text-align: center;\">Курс РОЗрАХОВАНИЙ НА студентів, які їдуть в США по програмі Work&amp;Travel</p><span style=\"color: inherit;\"><span style=\"font-size: 13.3333px; white-space: pre-wrap; line-height: 1.2; font-family: Verdana; background-color: transparent;\">Основна увага на вивченні розмовної американської англійської. Підготовка до співбесід з роботодавцем та в посольстві. </span><span id=\"docs-internal-guid-2dc25b9f-4003-bbde-d1a8-05a2d4f14a9b\"><span style=\"font-size: 13.3333px; font-family: Verdana; vertical-align: baseline; white-space: pre-wrap; background-color: transparent;\">Рогзгляд кейсів з непередбачуваних ситуацій. </span></span><span style=\"font-size: 13.3333px; white-space: pre-wrap; line-height: 1.2; font-family: Verdana; background-color: transparent;\">Зустріч з американцями, а також з людьми, які вже їздили по програмі.</span></span><div class=\"text-left\" style=\"margin: 0px; padding: 0px; border: 0px; font-stretch: inherit; font-size: 14px; line-height: 21px; vertical-align: baseline;\"><span class=\"yellow\" style=\"font-family: inherit; color: rgb(247, 235, 19); margin: 0px; padding: 0px; border: 0px; border-image-source: initial; border-image-slice: initial; border-image-width: initial; border-image-outset: initial; border-image-repeat: initial; font-style: inherit; font-variant: inherit; font-weight: inherit; font-stretch: inherit; font-size: inherit; line-height: inherit; vertical-align: baseline; text-transform: uppercase;\">що ви отримаєте:</span><ul class=\"list\" style=\"margin-top: 10px; margin-right: 0px; margin-left: 0px; padding: 0px; border: 0px; border-image-source: initial; border-image-slice: initial; border-image-width: initial; border-image-outset: initial; border-image-repeat: initial; font-style: inherit; font-variant: inherit; font-weight: inherit; font-stretch: inherit; font-size: inherit; line-height: inherit; vertical-align: baseline; list-style: none;\"><li style=\"margin: 0px; padding: 0px 0px 0px 17px; border: 0px; border-image-source: initial; border-image-slice: initial; border-image-width: initial; border-image-outset: initial; border-image-repeat: initial; font-style: inherit; font-variant: inherit; font-weight: inherit; font-stretch: inherit; font-size: inherit; line-height: inherit; vertical-align: baseline; background-attachment: initial; background-size: initial; background-origin: initial; background-clip: initial; background-position: 0px 6px; background-repeat: no-repeat;\"><span id=\"docs-internal-guid-2dc25b9f-3fcc-db11-ad47-a7979b7c8d3a\"><p dir=\"ltr\" style=\"margin-top: 0pt; margin-bottom: 10pt; line-height: 1.2;\"><span style=\"font-size: 13.3333px; vertical-align: baseline; white-space: pre-wrap; font-family: \'Helvetica Neue\'; color: inherit;\"><span style=\"font-family: Verdana; font-size: 13.3333px; font-style: inherit; font-variant: inherit; font-weight: inherit; line-height: inherit;\">навчитеся розуміти американців та розмовляти з ними</span>;</span></p></span></li><li style=\"margin: 0px; padding: 0px 0px 0px 17px; border: 0px; border-image-source: initial; border-image-slice: initial; border-image-width: initial; border-image-outset: initial; border-image-repeat: initial; font-style: inherit; font-variant: inherit; font-weight: inherit; font-stretch: inherit; font-size: inherit; line-height: inherit; vertical-align: baseline; background-attachment: initial; background-size: initial; background-origin: initial; background-clip: initial; background-position: 0px 6px; background-repeat: no-repeat;\"><span id=\"docs-internal-guid-2dc25b9f-3fcd-6497-40b2-5452fbb9082e\" style=\"font-family: \'Helvetica Neue\'; color: inherit;\"><p dir=\"ltr\" style=\"margin-top: 0pt; margin-bottom: 10pt; line-height: 1.2;\"><span style=\"font-size: 13.3333px; vertical-align: baseline; white-space: pre-wrap;\"><span style=\"font-family: Verdana; font-size: 13.3333px; font-style: inherit; font-variant: inherit; font-weight: inherit; line-height: inherit;\">підготуєтесь до співбесіди з роботодавцем, що збільшить можливості отримати роботу з високою оплатою</span>;</span></p><p dir=\"ltr\" style=\"margin-top: 0pt; margin-bottom: 10pt; line-height: 1.2;\"><span style=\"font-size: 13.3333px; white-space: pre-wrap; font-style: inherit; font-variant: inherit; font-weight: inherit; line-height: inherit;\"><span style=\"font-family: Verdana; font-size: 13.3333px; font-style: inherit; font-variant: inherit; font-weight: inherit; line-height: inherit;\">пройдете підготовку до співбесіди в посольстві, адже знання мови збільшує шанси на отримання візи</span>;</span></p></span></li></ul><p></p><p></p><p></p><p></p><p></p><p></p><p></p><p></p><p></p><p></p><p></p><p></p><p></p><p></p><p></p><p></p><p></p><p></p><ul class=\"list\" style=\"margin-top: 10px; margin-right: 0px; margin-left: 0px; padding: 0px; border: 0px; border-image-source: initial; border-image-slice: initial; border-image-width: initial; border-image-outset: initial; border-image-repeat: initial; font-style: inherit; font-variant: inherit; font-weight: inherit; font-stretch: inherit; font-size: inherit; line-height: inherit; vertical-align: baseline; list-style: none;\"><li style=\"margin: 0px; padding: 0px 0px 0px 17px; border: 0px; border-image-source: initial; border-image-slice: initial; border-image-width: initial; border-image-outset: initial; border-image-repeat: initial; font-style: inherit; font-variant: inherit; font-weight: inherit; font-stretch: inherit; font-size: inherit; line-height: inherit; vertical-align: baseline; background-attachment: initial; background-size: initial; background-origin: initial; background-clip: initial; background-position: 0px 6px; background-repeat: no-repeat;\"><span style=\"font-size: 13.3333px; white-space: pre-wrap; line-height: 1.2; font-style: inherit; font-variant: inherit; font-weight: inherit; font-family: \'Helvetica Neue\'; color: inherit;\"><span id=\"docs-internal-guid-2dc25b9f-3ffe-1a5d-3616-3860d78821ac\"><span style=\"font-size: 13.3333px; font-family: Verdana; vertical-align: baseline;\">дізнаєтесь про малобюджетні подорожі, цікаві та важливі місця регіону, куди поїдете</span></span>;</span></li></ul><p></p><p></p><p></p><p></p><p></p><p></p><p></p><p></p><p></p><p></p><p></p><p></p><p></p><p></p><p></p><p></p><p></p><p></p><ul class=\"list\" style=\"margin-top: 10px; margin-right: 0px; margin-left: 0px; padding: 0px; border: 0px; border-image-source: initial; border-image-slice: initial; border-image-width: initial; border-image-outset: initial; border-image-repeat: initial; font-style: inherit; font-variant: inherit; font-weight: inherit; font-stretch: inherit; font-size: inherit; line-height: inherit; vertical-align: baseline; list-style: none;\"><li style=\"margin: 0px; padding: 0px 0px 0px 17px; border: 0px; border-image-source: initial; border-image-slice: initial; border-image-width: initial; border-image-outset: initial; border-image-repeat: initial; font-style: inherit; font-variant: inherit; font-weight: inherit; font-stretch: inherit; font-size: inherit; line-height: inherit; vertical-align: baseline; background-attachment: initial; background-size: initial; background-origin: initial; background-clip: initial; background-position: 0px 6px; background-repeat: no-repeat;\"><span style=\"font-size: 13.3333px; vertical-align: baseline; white-space: pre-wrap;\"><span id=\"docs-internal-guid-2dc25b9f-3fcf-4164-3688-712e4744c4d5\"><p dir=\"ltr\" style=\"margin-top: 0pt; margin-bottom: 10pt; line-height: 1.2;\"><span style=\"font-size: inherit; font-style: inherit; font-variant: inherit; font-weight: inherit; line-height: inherit; font-family: \'Helvetica Neue\'; color: inherit;\"><span style=\"font-family: Verdana; font-size: 13.3333px; font-style: inherit; font-variant: inherit; font-weight: inherit; line-height: inherit; background-color: transparent;\">навчитесь спілкуватися з поліцією, міграційною службою, та як поводитись в інших непередбачуваних ситуаціях</span>. </span><span style=\"color: inherit; font-family: Verdana;\"><br></span></p></span></span></li></ul><span class=\"yellow\" style=\"font-family: inherit; color: rgb(247, 235, 19); margin: 0px; padding: 0px; border: 0px; border-image-source: initial; border-image-slice: initial; border-image-width: initial; border-image-outset: initial; border-image-repeat: initial; font-style: inherit; font-variant: inherit; font-weight: inherit; font-stretch: inherit; font-size: inherit; line-height: inherit; vertical-align: baseline; text-transform: uppercase;\">ДЕТАЛІ КУРСУ:</span><ul class=\"list\" style=\"margin-top: 10px; margin-right: 0px; margin-left: 0px; font-family: inherit; padding: 0px; border: 0px; border-image-source: initial; border-image-slice: initial; border-image-width: initial; border-image-outset: initial; border-image-repeat: initial; font-style: inherit; font-variant: inherit; font-weight: inherit; font-stretch: inherit; font-size: inherit; line-height: inherit; vertical-align: baseline; list-style: none;\"><li style=\"margin: 0px; padding: 0px 0px 0px 17px; border: 0px; border-image-source: initial; border-image-slice: initial; border-image-width: initial; border-image-outset: initial; border-image-repeat: initial; font-style: inherit; font-variant: inherit; font-weight: inherit; font-stretch: inherit; font-size: inherit; line-height: inherit; font-family: inherit; vertical-align: baseline; background-attachment: initial; background-size: initial; background-origin: initial; background-clip: initial; background-position: 0px 6px; background-repeat: no-repeat;\"><span style=\"color: inherit; font-family: inherit; font-size: inherit; font-style: inherit; font-variant: inherit; font-weight: inherit; line-height: inherit;\">кількість людей у групі - до 10</span><br></li><li style=\"margin: 0px; padding: 0px 0px 0px 17px; border: 0px; border-image-source: initial; border-image-slice: initial; border-image-width: initial; border-image-outset: initial; border-image-repeat: initial; font-style: inherit; font-variant: inherit; font-weight: inherit; font-stretch: inherit; font-size: inherit; line-height: inherit; font-family: inherit; vertical-align: baseline; background-attachment: initial; background-size: initial; background-origin: initial; background-clip: initial; background-position: 0px 6px; background-repeat: no-repeat;\"><span style=\"color: inherit;\">інтенсивність - 2 рази на тиждень</span></li><li style=\"margin: 0px; padding: 0px 0px 0px 17px; border: 0px; border-image-source: initial; border-image-slice: initial; border-image-width: initial; border-image-outset: initial; border-image-repeat: initial; font-style: inherit; font-variant: inherit; font-weight: inherit; font-stretch: inherit; font-size: inherit; line-height: inherit; font-family: inherit; vertical-align: baseline; background-attachment: initial; background-size: initial; background-origin: initial; background-clip: initial; background-position: 0px 6px; background-repeat: no-repeat;\"><span style=\"color: inherit;\">тривалість -&nbsp;</span><span style=\"font-family: inherit; font-size: inherit; font-style: inherit; font-variant: inherit; font-weight: inherit; line-height: inherit;\">3 місяці, з 1.02 по 1.05.2016</span></li><li style=\"margin: 0px; padding: 0px 0px 0px 17px; border: 0px; border-image-source: initial; border-image-slice: initial; border-image-width: initial; border-image-outset: initial; border-image-repeat: initial; font-style: inherit; font-variant: inherit; font-weight: inherit; font-stretch: inherit; font-size: inherit; line-height: inherit; font-family: inherit; vertical-align: baseline; background-attachment: initial; background-size: initial; background-origin: initial; background-clip: initial; background-position: 0px 6px; background-repeat: no-repeat;\"><span style=\"color: inherit; font-family: inherit; font-size: inherit; font-style: inherit; font-variant: inherit; font-weight: inherit; line-height: inherit;\">вечірній час, з 19:00 по 21:10</span><br></li></ul><span class=\"yellow\" style=\"font-family: robotobold; color: rgb(247, 235, 19); margin: 0px; padding: 0px; border: 0px; border-image-source: initial; border-image-slice: initial; border-image-width: initial; border-image-outset: initial; border-image-repeat: initial; font-style: inherit; font-variant: inherit; font-weight: inherit; font-stretch: inherit; font-size: inherit; line-height: inherit; vertical-align: baseline; text-transform: uppercase;\">ВАРТІСТЬ КУРСУ 700 ГРН./МІС.</span></div>','2016-02-01','https://www.facebook.com/learn.AmEng/');

/*Table structure for table `cvs` */

DROP TABLE IF EXISTS `cvs`;

CREATE TABLE `cvs` (
  `id` int(11) NOT NULL AUTO_INCREMENT,
  `name` varchar(255) DEFAULT '',
  `email` varchar(255) DEFAULT '',
  `phone` varchar(255) DEFAULT '',
  `document_file_name` varchar(255) DEFAULT NULL,
  `document_content_type` varchar(255) DEFAULT NULL,
  `document_file_size` int(11) DEFAULT NULL,
  `document_updated_at` datetime DEFAULT NULL,
  PRIMARY KEY (`id`)
) ENGINE=InnoDB AUTO_INCREMENT=5 DEFAULT CHARSET=utf8;

/*Data for the table `cvs` */

insert  into `cvs`(`id`,`name`,`email`,`phone`,`document_file_name`,`document_content_type`,`document_file_size`,`document_updated_at`) values (1,'olena','olenafedorovaaa@gmail.com','0937596991',NULL,NULL,NULL,NULL),(2,'olena','oleband@gmail.com','099876543','Доповнення.docx','application/vnd.openxmlformats-officedocument.wordprocessingml.document',5995422,'2015-11-20 09:28:00'),(3,'Іванка','melnykivka2013@gmail.com','0637486032','for_Sasha.docx','application/vnd.openxmlformats-officedocument.wordprocessingml.document',11656,'2015-11-25 18:22:46'),(4,'Іванка','melnykivka2013@gmail.com','0637486032','for_Sasha.docx','application/vnd.openxmlformats-officedocument.wordprocessingml.document',11656,'2015-11-25 18:22:49');

/*Table structure for table `email_templates` */

DROP TABLE IF EXISTS `email_templates`;

CREATE TABLE `email_templates` (
  `id` int(11) NOT NULL AUTO_INCREMENT,
  `subject` varchar(255) DEFAULT NULL,
  `seo_name` varchar(255) DEFAULT NULL,
  `active` tinyint(1) DEFAULT '1',
  `desc` longtext,
  PRIMARY KEY (`id`)
) ENGINE=InnoDB AUTO_INCREMENT=6 DEFAULT CHARSET=utf8;

/*Data for the table `email_templates` */

insert  into `email_templates`(`id`,`subject`,`seo_name`,`active`,`desc`) values (1,'Реєстрація в школі','school_registration',1,'<b style=\"font-weight:normal;\" id=\"docs-internal-guid-4da718f0-c921-39ba-03e1-f0f9cda20eb0\"><span style=\"font-size:14.666666666666666px;font-family:Calibri;color:#000000;background-color:transparent;font-weight:400;font-style:normal;font-variant:normal;text-decoration:none;vertical-align:baseline;white-space:pre-wrap;\">Дякуємо, що зареєструвались на заняття. Найближчим часом з Вами зв\'яжеться наш працівник для уточнення деталей.</span></b>'),(2,'Реєстрація в клубі','club_registration',1,'<b style=\"font-weight:normal;\" id=\"docs-internal-guid-4da718f0-c924-1ed8-b84f-f88727e6b62c\"><span style=\"font-size:14.666666666666666px;font-family:Calibri;color:#000000;background-color:transparent;font-weight:400;font-style:normal;font-variant:normal;text-decoration:none;vertical-align:baseline;white-space:pre-wrap;\">Дякую, що зареєструвались на заняття. Будемо раді допомогти Вам у вдосконаленні Вашої англійської :)</span></b>'),(3,'Результати тесту','test_results',1,'йівацйуацуа'),(4,'Підписка на новини','blog_subscribe',1,'<p><b style=\"font-weight:normal;\" id=\"docs-internal-guid-4da718f0-c924-1ed8-b84f-f88727e6b62c\"><span style=\"font-size:14.666666666666666px;font-family:Calibri;color:#000000;background-color:transparent;font-weight:400;font-style:normal;font-variant:normal;text-decoration:none;vertical-align:baseline;white-space:pre-wrap;\">Дякую, що зареєструвались на новини від Speak. </span></b></p><p><b style=\"font-weight:normal;\" id=\"docs-internal-guid-4da718f0-c924-1ed8-b84f-f88727e6b62c\"><span style=\"font-size:14.666666666666666px;font-family:Calibri;color:#000000;background-color:transparent;font-weight:400;font-style:normal;font-variant:normal;text-decoration:none;vertical-align:baseline;white-space:pre-wrap;\">В подарунок отримайте найвживаніші вирази в англійській мові за цим посиланням  </span></b></p>'),(5,'Подача резюме','add_cv',1,'цуацуацуацу');

/*Table structure for table `groups` */

DROP TABLE IF EXISTS `groups`;

CREATE TABLE `groups` (
  `id` int(11) NOT NULL AUTO_INCREMENT,
  `name` varchar(255) COLLATE utf8_unicode_ci NOT NULL DEFAULT '',
  `group_type` varchar(255) COLLATE utf8_unicode_ci NOT NULL,
  `active` tinyint(1) NOT NULL DEFAULT '1',
  `created_at` datetime DEFAULT NULL,
  `updated_at` datetime DEFAULT NULL,
  `course_id` int(11) DEFAULT NULL,
  PRIMARY KEY (`id`),
  KEY `index_groups_on_group_type` (`group_type`)
) ENGINE=InnoDB AUTO_INCREMENT=2 DEFAULT CHARSET=utf8 COLLATE=utf8_unicode_ci;

/*Data for the table `groups` */

insert  into `groups`(`id`,`name`,`group_type`,`active`,`created_at`,`updated_at`,`course_id`) values (1,'reading group','school',1,'2015-11-09 20:53:47','2015-11-10 11:07:42',1);

/*Table structure for table `lessons` */

DROP TABLE IF EXISTS `lessons`;

CREATE TABLE `lessons` (
  `id` int(11) NOT NULL AUTO_INCREMENT,
  `date` varchar(255) NOT NULL DEFAULT '',
  `time` varchar(255) NOT NULL DEFAULT '',
  `course_id` int(11) NOT NULL DEFAULT '0',
  `active` tinyint(1) NOT NULL DEFAULT '1',
  `created_at` datetime DEFAULT NULL,
  `updated_at` datetime DEFAULT NULL,
  PRIMARY KEY (`id`),
  KEY `index_lessons_on_course_id` (`course_id`)
) ENGINE=InnoDB AUTO_INCREMENT=19 DEFAULT CHARSET=utf8;

/*Data for the table `lessons` */

insert  into `lessons`(`id`,`date`,`time`,`course_id`,`active`,`created_at`,`updated_at`) values (1,'16.11.2015','11:00',5,1,'2015-11-13 13:57:51','2015-11-13 13:57:51'),(2,'01.12.2015','18:00',10,1,'2015-11-25 17:38:01','2015-11-25 17:38:01'),(3,'10.12.2015','18:30:00',10,1,'2015-12-07 18:04:54','2015-12-07 18:04:54'),(4,'14.12.2015','18:30:00',15,1,'2015-12-07 18:15:34','2015-12-07 18:15:34'),(5,'29.12.2015','18:30',11,1,'2015-12-22 10:11:56','2015-12-22 10:11:56'),(6,'30.12.2015','18:30',6,1,'2015-12-22 10:12:11','2015-12-22 10:12:11'),(7,'18.01.2016','17:00',19,1,'2015-12-22 11:34:21','2015-12-22 11:34:21'),(8,'19.01.2016','17:00',19,1,'2015-12-22 11:34:32','2015-12-22 11:34:32'),(9,'18.01.2016','16:00',12,1,'2015-12-22 11:39:32','2015-12-22 11:39:32'),(10,'21.01.2016','18:30',13,1,'2015-12-22 11:39:52','2015-12-22 11:39:52'),(11,'21.01.2016','17:00',18,1,'2015-12-22 11:40:06','2015-12-22 11:40:06'),(12,'14.01.2016','18:30',9,1,'2016-01-12 19:34:46','2016-01-12 19:34:46'),(13,'21.01.2016','18:30',7,1,'2016-01-12 19:35:08','2016-01-12 19:35:08'),(14,'26.01.2016','18:30',6,1,'2016-01-12 19:35:41','2016-01-12 19:35:41'),(15,'28.01.2016','18:30',5,1,'2016-01-12 19:36:02','2016-01-12 19:36:02'),(16,'01.02.2016','18:30',12,1,'2016-01-14 13:07:04','2016-01-14 13:07:04'),(17,'01.02.2016','15:00',13,1,'2016-01-14 13:07:25','2016-01-14 13:07:25'),(18,'20.01.2016','18:00',18,1,'2016-01-15 17:09:16','2016-01-15 17:09:16');

/*Table structure for table `pages` */

DROP TABLE IF EXISTS `pages`;

CREATE TABLE `pages` (
  `id` int(11) NOT NULL AUTO_INCREMENT,
  `category_id` int(11) NOT NULL DEFAULT '0',
  `seo_name` varchar(255) COLLATE utf8_unicode_ci NOT NULL,
  `desc` longtext COLLATE utf8_unicode_ci,
  `anons` text COLLATE utf8_unicode_ci,
  `title` varchar(255) COLLATE utf8_unicode_ci NOT NULL,
  `active` varchar(255) COLLATE utf8_unicode_ci NOT NULL DEFAULT '',
  `author` varchar(255) COLLATE utf8_unicode_ci NOT NULL DEFAULT '0',
  `created_at` datetime DEFAULT NULL,
  `updated_at` datetime DEFAULT NULL,
  `position` int(11) DEFAULT NULL,
  `logo_file_name` varchar(255) COLLATE utf8_unicode_ci DEFAULT NULL,
  `logo_content_type` varchar(255) COLLATE utf8_unicode_ci DEFAULT NULL,
  `logo_file_size` int(11) DEFAULT NULL,
  `logo_updated_at` datetime DEFAULT NULL,
  PRIMARY KEY (`id`),
  KEY `index_pages_on_category_id` (`category_id`),
  KEY `index_pages_on_seo_name` (`seo_name`),
  KEY `index_pages_on_active` (`active`)
) ENGINE=InnoDB AUTO_INCREMENT=7 DEFAULT CHARSET=utf8 COLLATE=utf8_unicode_ci;

/*Data for the table `pages` */

insert  into `pages`(`id`,`category_id`,`seo_name`,`desc`,`anons`,`title`,`active`,`author`,`created_at`,`updated_at`,`position`,`logo_file_name`,`logo_content_type`,`logo_file_size`,`logo_updated_at`) values (1,3,'hang-out','<p>лалаллалал</p><p>лалалалалала<br><img src=\"/system/upload_images/4/original.png?1449515976\" style=\"width: 500px;\"></p>','фраза на щодень','hang out','1','','2015-12-07 19:20:31','2015-12-22 12:31:47',NULL,'they-say-good-things-come-to-those-who-wait-so-im-going-to-be-about-an-hour-late-quote-1.jpg','image/jpeg',25784,'2015-12-07 19:21:49'),(2,8,'tusovka','<p>Йду на пиво</p>','ла ла','тусовка','1','','2015-12-07 19:31:01','2016-01-15 15:07:10',NULL,'they-say-good-things-come-to-those-who-wait-so-im-going-to-be-about-an-hour-late-quote-1.jpg','image/jpeg',25784,'2015-12-07 19:32:16'),(3,3,'Book-quotes','<p>Useful phrases/корисні фрази:</p><p>be careful of - бути обережним/-ю з&nbsp;</p><p>to have power to do smth - мати силу щось зробити</p><p><br></p>','Power of books','Book quotes','1','Ivanka','2016-01-14 21:50:24','2016-01-14 21:52:20',NULL,'English_quotes.jpg','image/jpeg',63863,'2016-01-14 21:52:19'),(4,8,'Funny-English-Words','Funny English Words','Funny English Words','Funny English Words','1','Ivanka','2016-01-15 14:41:33','2016-01-15 14:41:49',NULL,'Modern_English.png','image/png',212357,'2016-01-15 14:41:48'),(5,9,'Music-to-your-ears','***','___','Music to your ears','1','','2016-01-15 15:16:00','2016-01-15 15:16:21',NULL,'Idioms_and_phrasal_verbs.png','image/png',197561,'2016-01-15 15:16:20'),(6,1,'rechennja-umovi,-tip-0','<p><span style=\"line-height: 1.42857;\">Вживаємо&nbsp;</span><span style=\"line-height: 17.1428px;\">Zero Conditional</span><span style=\"line-height: 1.42857;\">, коли говоримо про реальні або можливі ситуації.</span></p><p><span style=\"line-height: 1.42857;\"><span style=\"color: inherit; background-color: rgb(255, 198, 156);\">&nbsp;If + Present Simple</span>, + <span style=\"background-color: rgb(181, 214, 165);\">Present Simple/modal verb</span><br></span><br></p><p>If children study hard, their parents are happy.&nbsp;<span style=\"line-height: 1.42857;\">Коли діти старанно вчаться, їхні батьки щасливі.</span></p><p>Та сама конструкція в українській мові: </p><p>Теперішній час + Теперішній час.&nbsp;</p><p><a href=\"https://www.youtube.com/watch?v=ZHZVwTdUHIA\" target=\"_blank\">Кілька відео на цю тему</a> &nbsp;&nbsp;<br></p>','Вживаємо Zero Conditional','Речення умови, тип 0','1','Ivanka','2016-01-15 15:29:35','2016-01-15 15:51:04',NULL,'A_piece_of_grammar.png','image/png',341080,'2016-01-15 15:30:01');

/*Table structure for table `partners` */

DROP TABLE IF EXISTS `partners`;

CREATE TABLE `partners` (
  `id` int(11) NOT NULL AUTO_INCREMENT,
  `name` varchar(255) COLLATE utf8_unicode_ci NOT NULL DEFAULT '',
  `active` tinyint(1) NOT NULL DEFAULT '1',
  `created_at` datetime DEFAULT NULL,
  `updated_at` datetime DEFAULT NULL,
  `logo_file_name` varchar(255) COLLATE utf8_unicode_ci DEFAULT NULL,
  `logo_content_type` varchar(255) COLLATE utf8_unicode_ci DEFAULT NULL,
  `logo_file_size` int(11) DEFAULT NULL,
  `logo_updated_at` datetime DEFAULT NULL,
  `first_desc_line` varchar(255) COLLATE utf8_unicode_ci DEFAULT '',
  `second_desc_line` varchar(255) COLLATE utf8_unicode_ci DEFAULT '',
  PRIMARY KEY (`id`),
  KEY `index_partners_on_active` (`active`)
) ENGINE=InnoDB AUTO_INCREMENT=8 DEFAULT CHARSET=utf8 COLLATE=utf8_unicode_ci;

/*Data for the table `partners` */

insert  into `partners`(`id`,`name`,`active`,`created_at`,`updated_at`,`logo_file_name`,`logo_content_type`,`logo_file_size`,`logo_updated_at`,`first_desc_line`,`second_desc_line`) values (1,'Rhizome',1,'2015-11-10 12:23:17','2015-11-16 17:32:18','partner.jpg','image/jpeg',35701,'2015-11-16 13:42:08','20% знижки нашим учням!','Для того щоб повноцынно опанувати мову!'),(2,'Знижки учням',1,'2015-11-16 13:41:15','2015-11-16 17:32:30','partner4.jpg','image/jpeg',17853,'2015-11-16 17:32:28','20% знижки нашим учням!','Для того щоб повноцынно опанувати мову!'),(3,'The room',1,'2015-11-16 13:43:13','2015-11-16 17:32:34','partner2.jpg','image/jpeg',13106,'2015-11-16 13:43:22','20% знижки нашим учням!','Для того щоб повноцынно опанувати мову!'),(4,'Соус кафе',1,'2015-11-16 13:43:42','2015-11-16 17:32:40','partner3.jpg','image/jpeg',27143,'2015-11-16 13:43:49','20% знижки нашим учням!','Для того щоб повноцынно опанувати мову!'),(5,'Boomerang',1,'2015-11-16 13:44:01','2015-11-16 17:32:43','partner4.jpg','image/jpeg',17853,'2015-11-16 13:44:07','20% знижки нашим учням!','Для того щоб повноцынно опанувати мову!'),(6,'Альтернативна кава',1,'2015-11-16 13:44:23','2015-11-16 17:32:47','partner5.jpg','image/jpeg',16472,'2015-11-16 13:44:33','20% знижки нашим учням!','Для того щоб повноцынно опанувати мову!'),(7,'Тестове',1,'2016-01-14 13:28:26','2016-01-14 13:28:53','they-say-good-things-come-to-those-who-wait-so-im-going-to-be-about-an-hour-late-quote-1.jpg','image/jpeg',25784,'2016-01-14 13:28:52','для студентів','добрі знижки');

/*Table structure for table `photos` */

DROP TABLE IF EXISTS `photos`;

CREATE TABLE `photos` (
  `id` int(11) NOT NULL AUTO_INCREMENT,
  `name` varchar(255) COLLATE utf8_unicode_ci NOT NULL DEFAULT '',
  `is_in_school` tinyint(1) NOT NULL DEFAULT '1',
  `is_in_club` tinyint(1) NOT NULL DEFAULT '1',
  `created_at` datetime DEFAULT NULL,
  `updated_at` datetime DEFAULT NULL,
  `logo_file_name` varchar(255) COLLATE utf8_unicode_ci DEFAULT NULL,
  `logo_content_type` varchar(255) COLLATE utf8_unicode_ci DEFAULT NULL,
  `logo_file_size` int(11) DEFAULT NULL,
  `logo_updated_at` datetime DEFAULT NULL,
  PRIMARY KEY (`id`),
  KEY `index_photos_on_is_in_school` (`is_in_school`),
  KEY `index_photos_on_is_in_club` (`is_in_club`)
) ENGINE=InnoDB AUTO_INCREMENT=9 DEFAULT CHARSET=utf8 COLLATE=utf8_unicode_ci;

/*Data for the table `photos` */

insert  into `photos`(`id`,`name`,`is_in_school`,`is_in_club`,`created_at`,`updated_at`,`logo_file_name`,`logo_content_type`,`logo_file_size`,`logo_updated_at`) values (1,'ацйуацуацуацу',1,1,'2015-11-10 10:21:17','2015-11-11 15:36:28','photo-2.jpg','image/jpeg',29755,'2015-11-11 15:36:28'),(6,'English through Games group in Speaking Club \'Speak\'',1,1,'2016-01-12 20:35:34','2016-01-12 20:35:55','_club.jpg','image/jpeg',158492,'2016-01-12 20:35:54'),(7,'Кожне заняття емоційне :)',1,0,'2016-01-12 20:38:26','2016-01-12 20:46:34','school.jpg','image/jpeg',155630,'2016-01-12 20:38:42'),(8,'Студенти \'Speak\' милуються чи то собою, чи то сертифікатами :)',1,1,'2016-01-12 20:40:35','2016-01-12 20:40:51','school_1.jpg','image/jpeg',143573,'2016-01-12 20:40:51');

/*Table structure for table `schema_migrations` */

DROP TABLE IF EXISTS `schema_migrations`;

CREATE TABLE `schema_migrations` (
  `version` varchar(255) COLLATE utf8_unicode_ci NOT NULL,
  UNIQUE KEY `unique_schema_migrations` (`version`)
) ENGINE=InnoDB DEFAULT CHARSET=utf8 COLLATE=utf8_unicode_ci;

/*Data for the table `schema_migrations` */

insert  into `schema_migrations`(`version`) values ('20140103165607'),('20150916124009'),('20151109190216'),('20151109193143'),('20151109194111'),('20151109202245'),('20151109203547'),('20151109210435'),('20151109211406'),('20151110095354'),('20151110103139'),('20151110103604'),('20151110104315'),('20151110105724'),('20151110113612'),('20151110122056'),('20151110124828'),('20151110182511'),('20151110184612'),('20151110184931'),('20151110193205'),('20151110202343'),('20151111085629'),('20151111092926'),('20151112200158'),('20151113105507'),('20151115120319'),('20151115140855'),('20151115141154'),('20151116171309'),('20151117202103'),('20151117202150'),('20151118172851'),('20151118194150'),('20151118195346'),('20151123133527'),('20160123072937');

/*Table structure for table `signins` */

DROP TABLE IF EXISTS `signins`;

CREATE TABLE `signins` (
  `id` int(11) NOT NULL AUTO_INCREMENT,
  `signinable_id` int(11) NOT NULL,
  `signinable_type` varchar(255) COLLATE utf8_unicode_ci NOT NULL,
  `token` varchar(255) COLLATE utf8_unicode_ci NOT NULL,
  `referer` varchar(255) COLLATE utf8_unicode_ci DEFAULT '',
  `user_agent` varchar(255) COLLATE utf8_unicode_ci DEFAULT '',
  `ip` varchar(255) COLLATE utf8_unicode_ci NOT NULL,
  `expiration_time` datetime DEFAULT NULL,
  `created_at` datetime DEFAULT NULL,
  `updated_at` datetime DEFAULT NULL,
  PRIMARY KEY (`id`),
  KEY `index_signins_on_signinable_id_and_signinable_type` (`signinable_id`,`signinable_type`),
  KEY `index_signins_on_token` (`token`)
) ENGINE=InnoDB AUTO_INCREMENT=43 DEFAULT CHARSET=utf8 COLLATE=utf8_unicode_ci;

/*Data for the table `signins` */

insert  into `signins`(`id`,`signinable_id`,`signinable_type`,`token`,`referer`,`user_agent`,`ip`,`expiration_time`,`created_at`,`updated_at`) values (1,1,'B1Admin::User','ZFfmnqJ93wID1RnTCAn2qZLEkqtl7Wc5WcMQzHdasr5rIqS8N-1E5IUqCx88x5wdjkeNeKqJb3Y0VJld','http://0.0.0.0:3000/admin/login','Mozilla/5.0 (X11; Linux x86_64) AppleWebKit/537.36 (KHTML, like Gecko) Ubuntu Chromium/45.0.2454.101 Chrome/45.0.2454.101 Safari/537.36','127.0.0.1','2015-11-09 19:40:35','2015-11-09 19:23:35','2015-11-09 19:40:35'),(2,1,'B1Admin::User','HRELfng0j42uYksathOK2BH-56Pg0VSj4khBc8kWSG7LeSFpsWm6PMEijrx7do6_VY97MFfxdXhI','http://0.0.0.0:3000/admin/login','Mozilla/5.0 (X11; Linux x86_64) AppleWebKit/537.36 (KHTML, like Gecko) Ubuntu Chromium/45.0.2454.101 Chrome/45.0.2454.101 Safari/537.36','127.0.0.1','2015-11-09 19:53:44','2015-11-09 19:40:38','2015-11-09 19:53:44'),(3,1,'B1Admin::User','VY0IWtxttRdtbIlW87J6wEZB1OSNvKqx2KO3If7lQMkv-ZrOJC-gKi8RbzndksKI5oeAj15wiYTInUGMftO7I6kJ-CoRDK7vD8M','http://0.0.0.0:3000/admin/login','Mozilla/5.0 (X11; Linux x86_64) AppleWebKit/537.36 (KHTML, like Gecko) Ubuntu Chromium/45.0.2454.101 Chrome/45.0.2454.101 Safari/537.36','127.0.0.1','2015-11-09 19:56:59','2015-11-09 19:54:12','2015-11-09 19:56:59'),(4,1,'B1Admin::User','-kFFl6rX03n-IrPegz9ApJwG4gje1x_VJFFzL36OoX7mbThCzUXWuG-HHeJDoL2lkef4','http://0.0.0.0:3000/admin/login','Mozilla/5.0 (X11; Linux x86_64) AppleWebKit/537.36 (KHTML, like Gecko) Ubuntu Chromium/45.0.2454.101 Chrome/45.0.2454.101 Safari/537.36','127.0.0.1','2015-11-09 19:57:52','2015-11-09 19:57:02','2015-11-09 19:57:52'),(5,1,'B1Admin::User','qwCt4fPDAu_Gu0kB7-VyiV31BiWOY067qgYsLKZ7AmaJ9g0kOe5YIV3BX-dOREK697AaNk_EVCn3iD6qLs81EGmteSfRrmuEIGcNboo','http://0.0.0.0:3000/admin/login','Mozilla/5.0 (X11; Linux x86_64) AppleWebKit/537.36 (KHTML, like Gecko) Ubuntu Chromium/45.0.2454.101 Chrome/45.0.2454.101 Safari/537.36','127.0.0.1','2015-11-09 19:58:23','2015-11-09 19:57:55','2015-11-09 19:58:23'),(6,1,'B1Admin::User','3Ak8rjFZEgPiXkz6JQhONVPjltPzvnsT1KznsGPh7UawzIviZt_p2_K2t1WODhU_3HlWP2eXeJ2NfOdqPHstXZK4qZOM7Q','http://0.0.0.0:3000/admin/login','Mozilla/5.0 (X11; Linux x86_64) AppleWebKit/537.36 (KHTML, like Gecko) Ubuntu Chromium/45.0.2454.101 Chrome/45.0.2454.101 Safari/537.36','127.0.0.1','2015-11-09 20:03:03','2015-11-09 19:58:26','2015-11-09 20:03:03'),(7,1,'B1Admin::User','hBUl06vf7Fh_hZiFCOID80XhwtqxvknTByMymlvJycTrDQc68uDtZ9HpCDZr2tFnDTxF1acsEWpbCVF-dcZXGXYs9o8VCshRevEt6VhI3SlyapV-dZd1','http://0.0.0.0:3000/admin/login','Mozilla/5.0 (X11; Linux x86_64) AppleWebKit/537.36 (KHTML, like Gecko) Ubuntu Chromium/45.0.2454.101 Chrome/45.0.2454.101 Safari/537.36','127.0.0.1','2015-11-09 20:46:38','2015-11-09 20:03:07','2015-11-09 20:46:38'),(8,1,'B1Admin::User','mSXhbkJjy65VTIfhsEHxIXSGW7hBfsCpVFOyyNb8CkrTOkyzB4C6_tQOq_aZu1OFtf0zr8z4a0hQ1JwuoxpXLzE0Qt5N7kd-VKhMBpfd7CNGIF9-WtivpEnsCHgDopRBqU4','http://0.0.0.0:3000/admin/login','Mozilla/5.0 (X11; Linux x86_64) AppleWebKit/537.36 (KHTML, like Gecko) Ubuntu Chromium/45.0.2454.101 Chrome/45.0.2454.101 Safari/537.36','127.0.0.1','2015-11-09 21:26:59','2015-11-09 20:46:40','2015-11-09 21:26:59'),(9,1,'B1Admin::User','SL5MTesp70ZoyHfdyL5mWZyEB4B4aXS6x7KTj1F53VIKjo0i7MJOR685nKrge_-lGaygKk9urA','http://0.0.0.0:3000/admin/login','Mozilla/5.0 (X11; Linux x86_64) AppleWebKit/537.36 (KHTML, like Gecko) Ubuntu Chromium/45.0.2454.101 Chrome/45.0.2454.101 Safari/537.36','127.0.0.1','2015-11-09 22:44:41','2015-11-09 21:27:33','2015-11-09 21:44:41'),(10,1,'B1Admin::User','QsqDs1H5vhBf57yB4XY4wnn5JOXnSWS2vaBxCvYnXv_tUaiJrD1A3KGTsyJd34cKBCncFIhgsBKQunRHSL7UeQvKUBcr5B1oVzTwNKUKv3Q_yYEGjXQVYrIhNpvjjViP','http://localhost:3000/admin/login','Mozilla/5.0 (X11; Linux x86_64) AppleWebKit/537.36 (KHTML, like Gecko) Ubuntu Chromium/45.0.2454.101 Chrome/45.0.2454.101 Safari/537.36','127.0.0.1','2015-11-10 10:17:05','2015-11-10 09:04:17','2015-11-10 09:17:05'),(11,1,'B1Admin::User','qx5iCqD30uj6zxsNKPiA_T6zhmT0NdHtcYzA3fmMsEKyg19Er5B0ztrAlMRN-5_Cr5raFhyp24Byimc4gj1TMXft9GlGXKmzWWdrlQ','http://localhost:3000/admin/login','Mozilla/5.0 (X11; Linux x86_64) AppleWebKit/537.36 (KHTML, like Gecko) Ubuntu Chromium/45.0.2454.101 Chrome/45.0.2454.101 Safari/537.36','127.0.0.1','2015-11-10 10:19:36','2015-11-10 10:17:40','2015-11-10 10:19:36'),(12,1,'B1Admin::User','rRkf9mKs782gy9TPA_qTFk63wVUnFcTRVy2O59mXtbqOSUpyP9N5GmGFCX6NaW5-T70XDjtgEB1BzjNcOZ8Cn_dbdHnG-XsUVfEepJkN','http://localhost:3000/admin/login','Mozilla/5.0 (X11; Linux x86_64) AppleWebKit/537.36 (KHTML, like Gecko) Ubuntu Chromium/45.0.2454.101 Chrome/45.0.2454.101 Safari/537.36','127.0.0.1','2015-11-10 13:55:44','2015-11-10 10:19:39','2015-11-10 12:55:44'),(13,1,'B1Admin::User','ISqo1qTJNoRzH76ZDi8B3NsLs4IMNXJlBLbOWk37egnt5cEuxT8LsHqv9Bl5eHZ-zY6t0YZ3Tz4b86muodBPHu4XzWDGexY8Xjp2THZeNwQ1R0b3x_OztM5vVKqLMH28zlI','http://localhost:3000/admin/login','Mozilla/5.0 (X11; Linux x86_64) AppleWebKit/537.36 (KHTML, like Gecko) Ubuntu Chromium/45.0.2454.101 Chrome/45.0.2454.101 Safari/537.36','127.0.0.1','2015-11-10 21:24:44','2015-11-10 18:10:57','2015-11-10 20:24:44'),(14,1,'B1Admin::User','vRvYVrMSqkagw-sY_aCuvaBdZi74qqvpUWvTklVDwaYivRaw4cG_dOZkqwIA0l6Q2-cEbgCc','http://0.0.0.0:3000/admin/login','Mozilla/5.0 (X11; Linux x86_64) AppleWebKit/537.36 (KHTML, like Gecko) Ubuntu Chromium/45.0.2454.101 Chrome/45.0.2454.101 Safari/537.36','127.0.0.1','2015-11-11 09:09:12','2015-11-11 07:57:27','2015-11-11 08:09:12'),(15,1,'B1Admin::User','ANRVtIFFSx9lEBa_ijFuenjbpeSdVEDrt0h153-nCZl78dOEMPVhWk_xFGKcw8VQog9edvXUKUm6fR37iMHh75qKWZA4a3tt8nbitvJedVgI2GPTFPYleANYbFoKRe9dwA0vcQ','http://0.0.0.0:3000/admin/login','Mozilla/5.0 (X11; Linux x86_64) AppleWebKit/537.36 (KHTML, like Gecko) Ubuntu Chromium/45.0.2454.101 Chrome/45.0.2454.101 Safari/537.36','127.0.0.1','2015-11-11 10:39:10','2015-11-11 09:17:23','2015-11-11 09:39:10'),(16,1,'B1Admin::User','eExjfTaaJaJu05WMdfesO1-UE8OMu4aEq_GI-68Vq6W5y89gCxyPwDPIb1Y4UHEGqh4RhwQmn9GfUppEDvqunGVFQKs6lQcbTstiOio639xKzHlp3MHsW2Wez6A','http://0.0.0.0:3000/admin/login','Mozilla/5.0 (X11; Linux x86_64) AppleWebKit/537.36 (KHTML, like Gecko) Ubuntu Chromium/45.0.2454.101 Chrome/45.0.2454.101 Safari/537.36','127.0.0.1','2015-11-11 14:17:19','2015-11-11 13:15:02','2015-11-11 13:17:19'),(17,1,'B1Admin::User','r2cYQVvWMNVkwagFuWqDTYylcOPJKmSOJp-yoK0SvWCO4-yvxUnXtRwfVWcNpzFtvx8LoRYJ9yoSSPpNsRctk5g','http://193.84.22.53/admin/login','Mozilla/5.0 (X11; Linux x86_64) AppleWebKit/537.36 (KHTML, like Gecko) Ubuntu Chromium/45.0.2454.101 Chrome/45.0.2454.101 Safari/537.36','193.84.22.30','2015-11-11 16:39:25','2015-11-11 15:27:19','2015-11-11 15:39:25'),(18,1,'B1Admin::User','bFyQtMR20tELvgkYMovJUOQjcUXIUNmkCN7EDmhXhCA8rUjLdFrZUWsndcbIZj9Z3QSMsiAnRj-ckA','http://193.84.22.53/admin/login','Mozilla/5.0 (Macintosh; Intel Mac OS X 10_11_1) AppleWebKit/601.2.7 (KHTML, like Gecko) Version/9.0.1 Safari/601.2.7','94.231.69.118','2015-11-12 11:36:02','2015-11-12 10:34:53','2015-11-12 10:36:02'),(19,1,'B1Admin::User','bhqS0PzAPuDne7VxvawXUKP3CeaGHe6zjXF8u-zd6ZC2OEOZ7mJoNs068VrtmYe9phUIog3GiS4AoZy0EkqsOjn7CSJ5rcJyhA','http://193.84.22.53/admin/login','Mozilla/5.0 (X11; Linux x86_64) AppleWebKit/537.36 (KHTML, like Gecko) Ubuntu Chromium/45.0.2454.101 Chrome/45.0.2454.101 Safari/537.36','93.75.225.47','2015-11-12 21:36:07','2015-11-12 20:34:24','2015-11-12 20:36:07'),(20,1,'B1Admin::User','3GHLOb0xuo073gnyeMgujd6dDUyp4Qo6cFVSjXFER3C4o5qKrz2EMl07Pjfi1cUBRoyZk4crvkc_gw','http://193.84.22.53/admin/login','Mozilla/5.0 (X11; Linux x86_64) AppleWebKit/537.36 (KHTML, like Gecko) Ubuntu Chromium/45.0.2454.101 Chrome/45.0.2454.101 Safari/537.36','193.84.22.30','2015-11-13 13:56:55','2015-11-13 13:56:02','2015-11-13 13:56:55'),(21,1,'B1Admin::User','Tem9ckLZCGyeZaFXJK74Xodd4Qs4XfH5zYnRc_jU-U_9g02FQvak2zkae3nJ5apBd63EQGbDngLEUeJjhP5y_8oNymUnwJ4W0dZr-IKGD7pVhZTG_l7_R_ZUmBOVaA','http://193.84.22.53/admin/login','Mozilla/5.0 (X11; Linux x86_64) AppleWebKit/537.36 (KHTML, like Gecko) Ubuntu Chromium/45.0.2454.101 Chrome/45.0.2454.101 Safari/537.36','193.84.22.30','2015-11-13 14:58:10','2015-11-13 13:56:56','2015-11-13 13:58:10'),(22,1,'B1Admin::User','4qOsS9dfkthqKC-LjgQb7PH9GZeD299TupYzl19R3NteT5mA3h7KbYpKnLMRZBwOko-4TdbHvQSoZmpOdwL3Zic6ICa5F0bGTDmhtKNs4bwEpUm484xjWw-hnoZYoJUkMEM','http://193.84.22.53/admin/login','Mozilla/5.0 (Macintosh; Intel Mac OS X 10_11_1) AppleWebKit/601.2.7 (KHTML, like Gecko) Version/9.0.1 Safari/601.2.7','94.231.69.118','2015-11-15 11:25:09','2015-11-15 10:24:25','2015-11-15 10:25:09'),(23,1,'B1Admin::User','uw1YZnl-8vCuK2nqgZwwTsJHlg-HWU5oMi0KycdRR_HAyIgOsyDkCGoc62tOQqVWiCjJkmOGkY8m7HoV0VuZX1268HlhMDQH6AK8rTpyb_Qi9EaX','http://193.84.22.53/admin/login','Mozilla/5.0 (X11; Linux x86_64) AppleWebKit/537.36 (KHTML, like Gecko) Ubuntu Chromium/45.0.2454.101 Chrome/45.0.2454.101 Safari/537.36','193.84.22.54','2015-11-16 15:24:50','2015-11-16 12:33:47','2015-11-16 14:24:50'),(24,1,'B1Admin::User','4njhx0nE3D2MPZnvT8mR5VlvdUhigFn6J88QKCCMJ4YzDXdTGuTURGhD-yGDp1pZqmo-87qP-9UynL4rMA','http://193.84.22.53/admin/login','Mozilla/5.0 (X11; Linux x86_64) AppleWebKit/537.36 (KHTML, like Gecko) Ubuntu Chromium/45.0.2454.101 Chrome/45.0.2454.101 Safari/537.36','93.75.229.175','2015-11-16 18:52:57','2015-11-16 17:24:12','2015-11-16 17:52:57'),(25,1,'B1Admin::User','nhlVx1YWLyuE9j1MEQ4ACukLRgHfpOec2BZ4VUFlJzrlZCjVrvTV1G5AL2BX_5mCJIJLtLtnQzQZRryio6Yn4NOiZMK-RkM_gQ','http://193.84.22.53/admin/login','Mozilla/5.0 (X11; Linux x86_64) AppleWebKit/537.36 (KHTML, like Gecko) Ubuntu Chromium/45.0.2454.101 Chrome/45.0.2454.101 Safari/537.36','93.75.222.87','2015-11-18 18:44:38','2015-11-18 17:38:52','2015-11-18 17:44:38'),(26,1,'B1Admin::User','VKbFjJ7lmDGs45Zn6kzu5w0ZsbjobRDJta9jbJpgCgkpImiimeGjrGa3Oi2YLYj4MLHpQdhbz636aWNXmzzy7PmbiV_SRuI','http://193.84.22.53/admin/login','Mozilla/5.0 (Macintosh; Intel Mac OS X 10_11_1) AppleWebKit/601.2.7 (KHTML, like Gecko) Version/9.0.1 Safari/601.2.7','94.231.69.118','2015-11-19 15:53:40','2015-11-19 14:47:10','2015-11-19 14:53:40'),(27,1,'B1Admin::User','FdhnjV7puji6tFWWNNZhuMyAqpiOsM5nwBNwL0MjLR7apGSMR7EZO7nroieB5eaaetO7cs3Pt1UhYOgj_-jl5kSv2bY7G8oaEcwSQw','http://193.84.22.53/admin/login','Mozilla/5.0 (X11; Linux x86_64) AppleWebKit/537.36 (KHTML, like Gecko) Ubuntu Chromium/45.0.2454.101 Chrome/45.0.2454.101 Safari/537.36','193.84.22.30','2015-11-21 12:20:49','2015-11-21 11:16:38','2015-11-21 11:20:49'),(28,1,'B1Admin::User','U-Srw-koL6hwAfxDJ6soBbPidfDVmgacbzBKJ6aF9ARPrWyviDu9JmcLNoOzkmBXchMGXG0BnmZKbz9IOQgIeV662WCIU8xZQOU8WhCPEnu1afntEQPaWaJfqq3X6rO4','http://193.84.22.53/admin/login','Mozilla/5.0 (Macintosh; Intel Mac OS X 10_11_1) AppleWebKit/537.36 (KHTML, like Gecko) Chrome/46.0.2490.86 Safari/537.36','176.106.202.145','2015-11-23 12:29:22','2015-11-23 11:28:09','2015-11-23 11:29:22'),(29,1,'B1Admin::User','SvQfL_cwzmAMFqu1NDPeAH6dwrw6-m1XmYwgwhOFfs9kGNwlS-_MrgWuhWe4bARl4YewDMmDpegkNyicJylbKarzrfjtU3HMYGMG9YZKX3FiADAXZdVwH4ZRxcb5_17G','http://speakclub.com.ua/admin/login','Mozilla/5.0 (X11; Linux x86_64) AppleWebKit/537.36 (KHTML, like Gecko) Ubuntu Chromium/45.0.2454.101 Chrome/45.0.2454.101 Safari/537.36','193.84.22.30','2015-11-23 15:47:59','2015-11-23 14:47:52','2015-11-23 14:47:59'),(30,1,'B1Admin::User','Fpl7w00LPXwLMoY3x3azcdQ8lJvRtprtOzAqtHzKdmcMmuwIPtVXoED0aAYtcIPc4_-U6gDFGQ','http://speakclub.com.ua/admin/login','Mozilla/5.0 (X11; Linux x86_64) AppleWebKit/537.36 (KHTML, like Gecko) Ubuntu Chromium/45.0.2454.101 Chrome/45.0.2454.101 Safari/537.36','93.75.224.255','2015-11-23 18:38:04','2015-11-23 17:35:56','2015-11-23 17:38:04'),(31,1,'B1Admin::User','73Gr0H_NYDWjZzDtJt0hRfQxcEbRL86G_nWHfpq7L-6kxT1mZzJHkWsD5yvLdWD4l95r54KPn1Bzm1wh_dAN','http://193.84.22.53/admin/login','Mozilla/5.0 (Windows NT 10.0; WOW64) AppleWebKit/537.36 (KHTML, like Gecko) Chrome/46.0.2490.86 Safari/537.36','176.106.202.145','2015-11-25 19:46:06','2015-11-25 17:33:35','2015-11-25 18:46:06'),(32,1,'B1Admin::User','eNwjP7AoZvffZstgTJVV2bwcUiBD8zlCGp8UPeIk-gsaIWqQ0lJxtXdCYW4cUJUlcdtkg85koQq8BjSOXCztEVHyMafpufWSwPB5SQZvRCg4BJi2V2Crgewiqb3t_OSI4u9-1Q','http://speakclub.com.ua/admin/login','Mozilla/5.0 (X11; Linux x86_64) AppleWebKit/537.36 (KHTML, like Gecko) Ubuntu Chromium/45.0.2454.101 Chrome/45.0.2454.101 Safari/537.36','193.84.22.30','2015-11-26 10:11:40','2015-11-26 09:03:07','2015-11-26 09:11:40'),(33,1,'B1Admin::User','-hp7sJ0ae1NzfUw8H_myc6R21_qqHmNoLKUWXcDbi30bNwVncx1yY57oiAnyZRZxa1-Egee7qNFAAmWZKg','http://speakclub.com.ua/admin/login','Mozilla/5.0 (X11; Linux x86_64) AppleWebKit/537.36 (KHTML, like Gecko) Ubuntu Chromium/45.0.2454.101 Chrome/45.0.2454.101 Safari/537.36','193.84.22.30','2015-11-26 13:09:44','2015-11-26 12:08:37','2015-11-26 12:09:44'),(34,1,'B1Admin::User','bhfqfajKQMOY1QaJr2GBOaEV8nD6XsZdMgO6zTnztjphPUFZif-3Ew0Ngh38FJ7elZqkgtha_P-DoA31b5unBmtz7jnEK6SLnWmMsaN2hOQcfe3xmbKJZenugLjV_g','http://193.84.22.53/admin/login','Mozilla/5.0 (Macintosh; Intel Mac OS X 10_11_1) AppleWebKit/537.36 (KHTML, like Gecko) Chrome/47.0.2526.73 Safari/537.36','176.106.202.145','2015-12-07 20:39:51','2015-12-07 17:22:16','2015-12-07 19:39:51'),(35,1,'B1Admin::User','lvvSl5buNCxvQ5Kx3oA8Ow-03Yitda3z-SrOgcoywbBr5hD_aCCmhE2qyjx30gNLHSP4OK80An04N5omS4K4ZT1eodg6vO2cmNrd37uU8iwR7bb8Raqkqv_1nsIDphAV','http://speakclub.com.ua/admin/login','Mozilla/5.0 (X11; Linux x86_64) AppleWebKit/537.36 (KHTML, like Gecko) Ubuntu Chromium/45.0.2454.101 Chrome/45.0.2454.101 Safari/537.36','93.75.228.90','2015-12-19 15:52:00','2015-12-19 14:38:38','2015-12-19 14:52:00'),(36,1,'B1Admin::User','uF-9CxtwIULOiZnZcVihdwEBacIvWO8qBLN-5-zLlMGtFwQoeITC9SjefkYSggzUPlmlSpqscaqbdnO5Cxmg4Idjvvrm3F_qZN4sIpePzEx1','http://speakclub.com.ua/admin/login','Mozilla/5.0 (Windows NT 10.0; WOW64; rv:42.0) Gecko/20100101 Firefox/42.0','176.106.202.145','2015-12-22 13:38:06','2015-12-22 09:38:52','2015-12-22 12:38:06'),(37,1,'B1Admin::User','uFjP2dC__VN47X6swc_9x0U9rXiAvpTdyPseb4CshIKF4XIHsSbZbZKgDDLBrfw1_8hxd2hIXt-vMvA8rtZWfMPw94UsDwB5EAImRO-uo-p67TbNmNjfMU3u9wc_K-oE4ISnvg','http://speakclub.com.ua/admin/login','Mozilla/5.0 (Macintosh; Intel Mac OS X 10_11_2) AppleWebKit/537.36 (KHTML, like Gecko) Chrome/47.0.2526.106 Safari/537.36','176.106.202.145','2016-01-12 22:04:26','2016-01-12 18:06:57','2016-01-12 21:04:26'),(38,1,'B1Admin::User','29PfezcD32utEg5xu3GZHBIvRxXsn5oqp4kiY33F1dapgijBQPBEm4tYTHkyAWxn0NyPbZ0FlpF4vpkEKrVq0U5naTSYZpJ_','http://speakclub.com.ua/admin/login','Mozilla/5.0 (Macintosh; Intel Mac OS X 10_11_2) AppleWebKit/537.36 (KHTML, like Gecko) Chrome/47.0.2526.106 Safari/537.36','176.106.202.145','2016-01-14 14:34:39','2016-01-14 10:49:48','2016-01-14 13:34:39'),(39,1,'B1Admin::User','nAWp_AvkFWBzhaYVmDNvs2jLTsJIko8ODsxTLLrWB6htMGUzoSm_-YIylbOMRNSvvAgioyA7vQ1lS_S6SeGQFC3L','http://speakclub.com.ua/admin/login','Mozilla/5.0 (Macintosh; Intel Mac OS X 10_11_2) AppleWebKit/537.36 (KHTML, like Gecko) Chrome/47.0.2526.106 Safari/537.36','176.106.202.145','2016-01-14 22:52:23','2016-01-14 21:42:34','2016-01-14 21:52:23'),(40,1,'B1Admin::User','3NnrtsAibbsZtnDh8bk5TaDA8mi-kw3FpWhHsMb_mKr-Z5Vu3LUCTkkjLFGFJlxbf2lIrg','http://speakclub.com.ua/admin/login','Mozilla/5.0 (Macintosh; Intel Mac OS X 10_11_2) AppleWebKit/537.36 (KHTML, like Gecko) Chrome/47.0.2526.106 Safari/537.36','176.106.202.145','2016-01-15 18:30:18','2016-01-15 13:46:10','2016-01-15 17:30:18'),(41,1,'B1Admin::User','qzB34Ptyr5mTzh4mc_HUCDhIQpDwSoYHDdr5Ek1QP6vDXIPg_VuK8CBeBwpx_EAZkpjnKr5sfIMD4tbbvAlq4Gq-ofdDHNI','http://speakclub.com.ua/admin/login','Mozilla/5.0 (Macintosh; Intel Mac OS X 10_11_2) AppleWebKit/601.3.9 (KHTML, like Gecko) Version/9.0.2 Safari/601.3.9','194.44.144.192','2016-01-19 19:17:22','2016-01-19 17:56:58','2016-01-19 18:17:22'),(42,1,'B1Admin::User','1hro5-rR0j1ZU8bX7oLVjQnwU2_3eEDCC70sJzrsmLHgqz5yhouxLk1UmPhCnrn4tozDKm20bU0296i9rP5ZReJ55ue9redL48M4-TA29JCc','http://speakclub.com.ua/admin/login','Mozilla/5.0 (X11; Linux x86_64) AppleWebKit/537.36 (KHTML, like Gecko) Ubuntu Chromium/45.0.2454.101 Chrome/45.0.2454.101 Safari/537.36','193.84.22.30','2016-01-23 11:13:43','2016-01-23 10:11:07','2016-01-23 10:13:43');

/*Table structure for table `subscribers` */

DROP TABLE IF EXISTS `subscribers`;

CREATE TABLE `subscribers` (
  `id` int(11) NOT NULL AUTO_INCREMENT,
  `name` varchar(255) COLLATE utf8_unicode_ci DEFAULT NULL,
  `email` varchar(255) COLLATE utf8_unicode_ci NOT NULL,
  `phone` varchar(255) COLLATE utf8_unicode_ci DEFAULT NULL,
  `active` tinyint(1) DEFAULT '1',
  `school_subscribe` tinyint(1) DEFAULT '0',
  `club_subscribe` tinyint(1) DEFAULT '0',
  `blog_subscribe` tinyint(1) DEFAULT '0',
  `created_at` datetime DEFAULT NULL,
  `updated_at` datetime DEFAULT NULL,
  `course_id` int(11) DEFAULT NULL,
  `level` varchar(255) COLLATE utf8_unicode_ci DEFAULT NULL,
  `date` varchar(255) COLLATE utf8_unicode_ci DEFAULT NULL,
  PRIMARY KEY (`id`)
) ENGINE=InnoDB AUTO_INCREMENT=6 DEFAULT CHARSET=utf8 COLLATE=utf8_unicode_ci;

/*Data for the table `subscribers` */

insert  into `subscribers`(`id`,`name`,`email`,`phone`,`active`,`school_subscribe`,`club_subscribe`,`blog_subscribe`,`created_at`,`updated_at`,`course_id`,`level`,`date`) values (1,'fwefwefwefwefwe','wefwef@fwef.ew','wefweqf',1,0,1,0,'2015-11-11 09:33:25','2015-11-11 09:38:34',5,NULL,NULL),(2,'olena','olenafedorovaaa@gmail.com','09876543',1,1,1,0,'2015-11-16 19:57:32','2015-11-20 14:54:37',5,'elementary','16.11.2015'),(3,'Іванка','melnykivka2013@gmail.com','0637486032',1,1,1,1,'2015-11-25 17:39:56','2015-12-22 10:09:09',17,'upper-intermediate',NULL),(4,'wefwqefwe','wefwef@wefwe.fwef','wqefwqefweqfweqfwe',1,0,1,1,'2015-11-26 09:06:43','2015-11-26 09:06:43',10,NULL,'01.12.2015'),(5,'Ivanka','eng.speak.club@gmail.com','0637486032',1,0,1,1,'2015-12-22 10:14:12','2015-12-22 10:14:12',0,NULL,'29.12.2015');

/*Table structure for table `survey_answers` */

DROP TABLE IF EXISTS `survey_answers`;

CREATE TABLE `survey_answers` (
  `id` int(11) NOT NULL AUTO_INCREMENT,
  `attempt_id` int(11) DEFAULT NULL,
  `question_id` int(11) DEFAULT NULL,
  `option_id` int(11) DEFAULT NULL,
  `correct` tinyint(1) DEFAULT NULL,
  `created_at` datetime DEFAULT NULL,
  `updated_at` datetime DEFAULT NULL,
  PRIMARY KEY (`id`)
) ENGINE=InnoDB AUTO_INCREMENT=650 DEFAULT CHARSET=utf8;

/*Data for the table `survey_answers` */

insert  into `survey_answers`(`id`,`attempt_id`,`question_id`,`option_id`,`correct`,`created_at`,`updated_at`) values (1,1,1,3,1,'2015-11-20 14:50:41','2015-11-20 14:50:41'),(2,1,2,6,0,'2015-11-20 14:50:41','2015-11-20 14:50:41'),(3,1,3,10,0,'2015-11-20 14:50:41','2015-11-20 14:50:41'),(4,1,4,13,0,'2015-11-20 14:50:41','2015-11-20 14:50:41'),(5,1,5,17,0,'2015-11-20 14:50:41','2015-11-20 14:50:41'),(6,1,6,22,0,'2015-11-20 14:50:41','2015-11-20 14:50:41'),(7,1,7,26,0,'2015-11-20 14:50:41','2015-11-20 14:50:41'),(8,1,8,29,0,'2015-11-20 14:50:41','2015-11-20 14:50:41'),(9,1,9,33,0,'2015-11-20 14:50:41','2015-11-20 14:50:41'),(10,1,10,37,0,'2015-11-20 14:50:41','2015-11-20 14:50:41'),(11,1,11,42,0,'2015-11-20 14:50:41','2015-11-20 14:50:41'),(12,1,12,45,0,'2015-11-20 14:50:41','2015-11-20 14:50:41'),(13,1,13,49,0,'2015-11-20 14:50:41','2015-11-20 14:50:41'),(14,1,14,53,0,'2015-11-20 14:50:41','2015-11-20 14:50:41'),(15,1,15,59,0,'2015-11-20 14:50:41','2015-11-20 14:50:41'),(16,1,16,63,0,'2015-11-20 14:50:41','2015-11-20 14:50:41'),(17,1,17,65,0,'2015-11-20 14:50:41','2015-11-20 14:50:41'),(18,1,18,70,0,'2015-11-20 14:50:41','2015-11-20 14:50:41'),(19,1,19,73,0,'2015-11-20 14:50:41','2015-11-20 14:50:41'),(20,1,20,77,0,'2015-11-20 14:50:41','2015-11-20 14:50:41'),(21,1,21,82,0,'2015-11-20 14:50:41','2015-11-20 14:50:41'),(22,2,1,2,0,'2015-11-20 15:28:51','2015-11-20 15:28:51'),(23,2,2,6,0,'2015-11-20 15:28:51','2015-11-20 15:28:51'),(24,2,3,10,0,'2015-11-20 15:28:51','2015-11-20 15:28:51'),(25,2,4,15,0,'2015-11-20 15:28:51','2015-11-20 15:28:51'),(26,2,5,18,0,'2015-11-20 15:28:51','2015-11-20 15:28:51'),(27,2,6,23,0,'2015-11-20 15:28:51','2015-11-20 15:28:51'),(28,2,7,26,0,'2015-11-20 15:28:51','2015-11-20 15:28:51'),(29,2,8,30,0,'2015-11-20 15:28:51','2015-11-20 15:28:51'),(30,2,9,35,0,'2015-11-20 15:28:51','2015-11-20 15:28:51'),(31,2,10,39,0,'2015-11-20 15:28:51','2015-11-20 15:28:51'),(32,2,11,43,0,'2015-11-20 15:28:51','2015-11-20 15:28:51'),(33,2,12,47,0,'2015-11-20 15:28:51','2015-11-20 15:28:51'),(34,2,13,51,0,'2015-11-20 15:28:51','2015-11-20 15:28:51'),(35,2,14,55,0,'2015-11-20 15:28:51','2015-11-20 15:28:51'),(36,2,15,59,0,'2015-11-20 15:28:51','2015-11-20 15:28:51'),(37,2,16,63,0,'2015-11-20 15:28:51','2015-11-20 15:28:51'),(38,2,17,67,0,'2015-11-20 15:28:51','2015-11-20 15:28:51'),(39,2,18,71,0,'2015-11-20 15:28:51','2015-11-20 15:28:51'),(40,2,19,75,0,'2015-11-20 15:28:51','2015-11-20 15:28:51'),(41,2,20,79,0,'2015-11-20 15:28:51','2015-11-20 15:28:51'),(42,2,21,83,0,'2015-11-20 15:28:51','2015-11-20 15:28:51'),(43,2,22,87,0,'2015-11-20 15:28:51','2015-11-20 15:28:51'),(44,2,23,90,0,'2015-11-20 15:28:51','2015-11-20 15:28:51'),(45,2,24,94,0,'2015-11-20 15:28:51','2015-11-20 15:28:51'),(46,2,25,98,0,'2015-11-20 15:28:51','2015-11-20 15:28:51'),(47,2,26,102,0,'2015-11-20 15:28:51','2015-11-20 15:28:51'),(48,2,27,106,0,'2015-11-20 15:28:51','2015-11-20 15:28:51'),(49,2,28,110,0,'2015-11-20 15:28:51','2015-11-20 15:28:51'),(50,2,29,114,0,'2015-11-20 15:28:51','2015-11-20 15:28:51'),(51,2,30,118,0,'2015-11-20 15:28:51','2015-11-20 15:28:51'),(52,2,31,122,0,'2015-11-20 15:28:51','2015-11-20 15:28:51'),(53,2,32,126,0,'2015-11-20 15:28:51','2015-11-20 15:28:51'),(54,2,33,130,0,'2015-11-20 15:28:51','2015-11-20 15:28:51'),(55,2,34,134,0,'2015-11-20 15:28:51','2015-11-20 15:28:51'),(56,3,1,3,1,'2015-11-25 18:53:36','2015-11-25 18:53:36'),(57,3,2,5,1,'2015-11-25 18:53:36','2015-11-25 18:53:36'),(58,3,3,10,1,'2015-11-25 18:53:36','2015-11-25 18:53:36'),(59,3,4,13,0,'2015-11-25 18:53:36','2015-11-25 18:53:36'),(60,3,5,17,0,'2015-11-25 18:53:36','2015-11-25 18:53:36'),(61,3,6,22,0,'2015-11-25 18:53:36','2015-11-25 18:53:36'),(62,3,7,26,0,'2015-11-25 18:53:36','2015-11-25 18:53:36'),(63,3,8,30,0,'2015-11-25 18:53:36','2015-11-25 18:53:36'),(64,3,9,34,0,'2015-11-25 18:53:36','2015-11-25 18:53:36'),(65,3,10,37,0,'2015-11-25 18:53:36','2015-11-25 18:53:36'),(66,3,11,42,0,'2015-11-25 18:53:36','2015-11-25 18:53:36'),(67,3,12,46,0,'2015-11-25 18:53:36','2015-11-25 18:53:36'),(68,3,13,50,0,'2015-11-25 18:53:36','2015-11-25 18:53:36'),(69,3,14,55,0,'2015-11-25 18:53:36','2015-11-25 18:53:36'),(70,3,15,60,0,'2015-11-25 18:53:36','2015-11-25 18:53:36'),(71,3,16,63,1,'2015-11-25 18:53:36','2015-11-25 18:53:36'),(72,3,17,66,0,'2015-11-25 18:53:36','2015-11-25 18:53:36'),(73,3,18,70,0,'2015-11-25 18:53:36','2015-11-25 18:53:36'),(74,3,19,74,0,'2015-11-25 18:53:36','2015-11-25 18:53:36'),(75,3,20,78,1,'2015-11-25 18:53:36','2015-11-25 18:53:36'),(76,3,21,83,1,'2015-11-25 18:53:36','2015-11-25 18:53:36'),(77,3,22,87,0,'2015-11-25 18:53:36','2015-11-25 18:53:36'),(78,3,23,91,0,'2015-11-25 18:53:36','2015-11-25 18:53:36'),(79,3,24,94,0,'2015-11-25 18:53:36','2015-11-25 18:53:36'),(80,3,25,97,0,'2015-11-25 18:53:36','2015-11-25 18:53:36'),(81,3,26,102,0,'2015-11-25 18:53:36','2015-11-25 18:53:36'),(82,3,27,105,0,'2015-11-25 18:53:36','2015-11-25 18:53:36'),(83,3,28,110,1,'2015-11-25 18:53:36','2015-11-25 18:53:36'),(84,3,29,114,0,'2015-11-25 18:53:36','2015-11-25 18:53:36'),(85,3,30,118,1,'2015-11-25 18:53:36','2015-11-25 18:53:36'),(86,3,31,123,0,'2015-11-25 18:53:36','2015-11-25 18:53:36'),(87,3,32,127,0,'2015-11-25 18:53:36','2015-11-25 18:53:36'),(88,3,33,131,1,'2015-11-25 18:53:36','2015-11-25 18:53:36'),(89,3,34,135,1,'2015-11-25 18:53:36','2015-11-25 18:53:36'),(90,3,35,139,0,'2015-11-25 18:53:36','2015-11-25 18:53:36'),(91,3,36,144,0,'2015-11-25 18:53:36','2015-11-25 18:53:36'),(92,3,37,146,0,'2015-11-25 18:53:36','2015-11-25 18:53:36'),(93,3,38,150,1,'2015-11-25 18:53:36','2015-11-25 18:53:36'),(94,3,39,153,0,'2015-11-25 18:53:36','2015-11-25 18:53:36'),(95,3,40,158,0,'2015-11-25 18:53:36','2015-11-25 18:53:36'),(96,3,41,162,0,'2015-11-25 18:53:36','2015-11-25 18:53:36'),(97,3,42,166,0,'2015-11-25 18:53:36','2015-11-25 18:53:36'),(98,3,43,170,0,'2015-11-25 18:53:36','2015-11-25 18:53:36'),(99,3,44,174,0,'2015-11-25 18:53:36','2015-11-25 18:53:36'),(100,3,45,178,0,'2015-11-25 18:53:36','2015-11-25 18:53:36'),(101,3,46,182,0,'2015-11-25 18:53:36','2015-11-25 18:53:36'),(102,3,47,187,1,'2015-11-25 18:53:36','2015-11-25 18:53:36'),(103,3,48,191,0,'2015-11-25 18:53:36','2015-11-25 18:53:36'),(104,3,49,194,1,'2015-11-25 18:53:36','2015-11-25 18:53:36'),(105,3,50,198,1,'2015-11-25 18:53:36','2015-11-25 18:53:36'),(106,3,51,202,1,'2015-11-25 18:53:36','2015-11-25 18:53:36'),(107,3,52,207,0,'2015-11-25 18:53:36','2015-11-25 18:53:36'),(108,3,53,210,0,'2015-11-25 18:53:36','2015-11-25 18:53:36'),(109,3,54,214,0,'2015-11-25 18:53:36','2015-11-25 18:53:36'),(110,3,55,218,0,'2015-11-25 18:53:36','2015-11-25 18:53:36'),(111,3,56,222,1,'2015-11-25 18:53:36','2015-11-25 18:53:36'),(112,3,57,226,0,'2015-11-25 18:53:36','2015-11-25 18:53:36'),(113,3,58,229,0,'2015-11-25 18:53:36','2015-11-25 18:53:36'),(114,3,59,232,0,'2015-11-25 18:53:36','2015-11-25 18:53:36'),(115,3,60,235,0,'2015-11-25 18:53:36','2015-11-25 18:53:36'),(116,3,61,237,0,'2015-11-25 18:53:36','2015-11-25 18:53:36'),(117,3,62,241,0,'2015-11-25 18:53:36','2015-11-25 18:53:36'),(118,3,63,244,0,'2015-11-25 18:53:36','2015-11-25 18:53:36'),(119,3,64,246,0,'2015-11-25 18:53:36','2015-11-25 18:53:36'),(120,3,65,249,1,'2015-11-25 18:53:36','2015-11-25 18:53:36'),(121,3,66,253,1,'2015-11-25 18:53:36','2015-11-25 18:53:36'),(122,3,67,256,1,'2015-11-25 18:53:36','2015-11-25 18:53:36'),(123,3,68,259,1,'2015-11-25 18:53:36','2015-11-25 18:53:36'),(124,3,69,262,0,'2015-11-25 18:53:36','2015-11-25 18:53:36'),(125,3,70,265,1,'2015-11-25 18:53:36','2015-11-25 18:53:36'),(126,3,71,267,0,'2015-11-25 18:53:36','2015-11-25 18:53:36'),(127,3,72,270,1,'2015-11-25 18:53:36','2015-11-25 18:53:36'),(128,3,73,274,0,'2015-11-25 18:53:36','2015-11-25 18:53:36'),(129,3,74,277,0,'2015-11-25 18:53:36','2015-11-25 18:53:36'),(130,3,75,280,0,'2015-11-25 18:53:36','2015-11-25 18:53:36'),(131,3,76,282,1,'2015-11-25 18:53:36','2015-11-25 18:53:36'),(132,3,77,285,1,'2015-11-25 18:53:36','2015-11-25 18:53:36'),(133,3,78,288,1,'2015-11-25 18:53:36','2015-11-25 18:53:36'),(134,3,79,291,1,'2015-11-25 18:53:36','2015-11-25 18:53:36'),(135,3,80,295,0,'2015-11-25 18:53:36','2015-11-25 18:53:36'),(136,3,81,297,0,'2015-11-25 18:53:36','2015-11-25 18:53:36'),(137,3,82,301,0,'2015-11-25 18:53:36','2015-11-25 18:53:36'),(138,3,83,304,0,'2015-11-25 18:53:36','2015-11-25 18:53:36'),(139,3,84,306,0,'2015-11-25 18:53:36','2015-11-25 18:53:36'),(140,3,85,310,0,'2015-11-25 18:53:36','2015-11-25 18:53:36'),(141,3,86,313,1,'2015-11-25 18:53:36','2015-11-25 18:53:36'),(142,3,87,316,0,'2015-11-25 18:53:36','2015-11-25 18:53:36'),(143,3,88,318,1,'2015-11-25 18:53:36','2015-11-25 18:53:36'),(144,3,89,321,1,'2015-11-25 18:53:36','2015-11-25 18:53:36'),(145,3,90,325,1,'2015-11-25 18:53:36','2015-11-25 18:53:36'),(146,3,91,328,1,'2015-11-25 18:53:36','2015-11-25 18:53:36'),(147,3,92,331,1,'2015-11-25 18:53:36','2015-11-25 18:53:36'),(148,3,93,333,1,'2015-11-25 18:53:36','2015-11-25 18:53:36'),(149,3,94,337,1,'2015-11-25 18:53:36','2015-11-25 18:53:36'),(150,3,95,339,1,'2015-11-25 18:53:36','2015-11-25 18:53:36'),(151,3,96,344,0,'2015-11-25 18:53:36','2015-11-25 18:53:36'),(152,3,97,346,0,'2015-11-25 18:53:36','2015-11-25 18:53:36'),(153,3,98,349,0,'2015-11-25 18:53:36','2015-11-25 18:53:36'),(154,3,99,351,0,'2015-11-25 18:53:36','2015-11-25 18:53:36'),(155,4,1,3,1,'2015-11-25 18:57:17','2015-11-25 18:57:17'),(156,4,2,5,1,'2015-11-25 18:57:17','2015-11-25 18:57:17'),(157,4,3,10,1,'2015-11-25 18:57:17','2015-11-25 18:57:17'),(158,4,4,13,0,'2015-11-25 18:57:17','2015-11-25 18:57:17'),(159,4,5,17,0,'2015-11-25 18:57:17','2015-11-25 18:57:17'),(160,4,6,22,0,'2015-11-25 18:57:17','2015-11-25 18:57:17'),(161,4,7,26,0,'2015-11-25 18:57:17','2015-11-25 18:57:17'),(162,4,8,30,0,'2015-11-25 18:57:17','2015-11-25 18:57:17'),(163,4,9,34,0,'2015-11-25 18:57:17','2015-11-25 18:57:17'),(164,4,10,37,0,'2015-11-25 18:57:17','2015-11-25 18:57:17'),(165,4,11,42,0,'2015-11-25 18:57:17','2015-11-25 18:57:17'),(166,4,12,46,0,'2015-11-25 18:57:17','2015-11-25 18:57:17'),(167,4,13,50,0,'2015-11-25 18:57:17','2015-11-25 18:57:17'),(168,4,14,55,0,'2015-11-25 18:57:17','2015-11-25 18:57:17'),(169,4,15,60,0,'2015-11-25 18:57:17','2015-11-25 18:57:17'),(170,4,16,63,1,'2015-11-25 18:57:17','2015-11-25 18:57:17'),(171,4,17,66,0,'2015-11-25 18:57:17','2015-11-25 18:57:17'),(172,4,18,70,0,'2015-11-25 18:57:17','2015-11-25 18:57:17'),(173,4,19,74,0,'2015-11-25 18:57:17','2015-11-25 18:57:17'),(174,4,20,78,1,'2015-11-25 18:57:17','2015-11-25 18:57:17'),(175,4,21,83,1,'2015-11-25 18:57:17','2015-11-25 18:57:17'),(176,4,22,87,0,'2015-11-25 18:57:17','2015-11-25 18:57:17'),(177,4,23,91,0,'2015-11-25 18:57:17','2015-11-25 18:57:17'),(178,4,24,94,0,'2015-11-25 18:57:17','2015-11-25 18:57:17'),(179,4,25,97,0,'2015-11-25 18:57:17','2015-11-25 18:57:17'),(180,4,26,102,0,'2015-11-25 18:57:17','2015-11-25 18:57:17'),(181,4,27,105,0,'2015-11-25 18:57:17','2015-11-25 18:57:17'),(182,4,28,110,1,'2015-11-25 18:57:17','2015-11-25 18:57:17'),(183,4,29,114,0,'2015-11-25 18:57:17','2015-11-25 18:57:17'),(184,4,30,118,1,'2015-11-25 18:57:17','2015-11-25 18:57:17'),(185,4,31,123,0,'2015-11-25 18:57:17','2015-11-25 18:57:17'),(186,4,32,127,0,'2015-11-25 18:57:17','2015-11-25 18:57:17'),(187,4,33,131,1,'2015-11-25 18:57:17','2015-11-25 18:57:17'),(188,4,34,135,1,'2015-11-25 18:57:17','2015-11-25 18:57:17'),(189,4,35,139,0,'2015-11-25 18:57:17','2015-11-25 18:57:17'),(190,4,36,144,0,'2015-11-25 18:57:17','2015-11-25 18:57:17'),(191,4,37,146,0,'2015-11-25 18:57:17','2015-11-25 18:57:17'),(192,4,38,150,1,'2015-11-25 18:57:17','2015-11-25 18:57:17'),(193,4,39,153,0,'2015-11-25 18:57:17','2015-11-25 18:57:17'),(194,4,40,158,0,'2015-11-25 18:57:17','2015-11-25 18:57:17'),(195,4,41,162,0,'2015-11-25 18:57:17','2015-11-25 18:57:17'),(196,4,42,166,0,'2015-11-25 18:57:17','2015-11-25 18:57:17'),(197,4,43,170,0,'2015-11-25 18:57:17','2015-11-25 18:57:17'),(198,4,44,174,0,'2015-11-25 18:57:17','2015-11-25 18:57:17'),(199,4,45,178,0,'2015-11-25 18:57:17','2015-11-25 18:57:17'),(200,4,46,182,0,'2015-11-25 18:57:17','2015-11-25 18:57:17'),(201,4,47,187,1,'2015-11-25 18:57:17','2015-11-25 18:57:17'),(202,4,48,191,0,'2015-11-25 18:57:17','2015-11-25 18:57:17'),(203,4,49,194,1,'2015-11-25 18:57:17','2015-11-25 18:57:17'),(204,4,50,198,1,'2015-11-25 18:57:17','2015-11-25 18:57:17'),(205,4,51,202,1,'2015-11-25 18:57:17','2015-11-25 18:57:17'),(206,4,52,207,0,'2015-11-25 18:57:17','2015-11-25 18:57:17'),(207,4,53,210,0,'2015-11-25 18:57:17','2015-11-25 18:57:17'),(208,4,54,214,0,'2015-11-25 18:57:17','2015-11-25 18:57:17'),(209,4,55,218,0,'2015-11-25 18:57:17','2015-11-25 18:57:17'),(210,4,56,222,1,'2015-11-25 18:57:17','2015-11-25 18:57:17'),(211,4,57,226,0,'2015-11-25 18:57:17','2015-11-25 18:57:17'),(212,4,58,229,0,'2015-11-25 18:57:17','2015-11-25 18:57:17'),(213,4,59,232,0,'2015-11-25 18:57:17','2015-11-25 18:57:17'),(214,4,60,235,0,'2015-11-25 18:57:17','2015-11-25 18:57:17'),(215,4,61,237,0,'2015-11-25 18:57:18','2015-11-25 18:57:18'),(216,4,62,241,0,'2015-11-25 18:57:18','2015-11-25 18:57:18'),(217,4,63,244,0,'2015-11-25 18:57:18','2015-11-25 18:57:18'),(218,4,64,246,0,'2015-11-25 18:57:18','2015-11-25 18:57:18'),(219,4,65,249,1,'2015-11-25 18:57:18','2015-11-25 18:57:18'),(220,4,66,253,1,'2015-11-25 18:57:18','2015-11-25 18:57:18'),(221,4,67,256,1,'2015-11-25 18:57:18','2015-11-25 18:57:18'),(222,4,68,259,1,'2015-11-25 18:57:18','2015-11-25 18:57:18'),(223,4,69,262,0,'2015-11-25 18:57:18','2015-11-25 18:57:18'),(224,4,70,265,1,'2015-11-25 18:57:18','2015-11-25 18:57:18'),(225,4,71,267,0,'2015-11-25 18:57:18','2015-11-25 18:57:18'),(226,4,72,270,1,'2015-11-25 18:57:18','2015-11-25 18:57:18'),(227,4,73,274,0,'2015-11-25 18:57:18','2015-11-25 18:57:18'),(228,4,74,277,0,'2015-11-25 18:57:18','2015-11-25 18:57:18'),(229,4,75,280,0,'2015-11-25 18:57:18','2015-11-25 18:57:18'),(230,4,76,282,1,'2015-11-25 18:57:18','2015-11-25 18:57:18'),(231,4,77,285,1,'2015-11-25 18:57:18','2015-11-25 18:57:18'),(232,4,78,288,1,'2015-11-25 18:57:18','2015-11-25 18:57:18'),(233,4,79,291,1,'2015-11-25 18:57:18','2015-11-25 18:57:18'),(234,4,80,295,0,'2015-11-25 18:57:18','2015-11-25 18:57:18'),(235,4,81,297,0,'2015-11-25 18:57:18','2015-11-25 18:57:18'),(236,4,82,301,0,'2015-11-25 18:57:18','2015-11-25 18:57:18'),(237,4,83,304,0,'2015-11-25 18:57:18','2015-11-25 18:57:18'),(238,4,84,306,0,'2015-11-25 18:57:18','2015-11-25 18:57:18'),(239,4,85,310,0,'2015-11-25 18:57:18','2015-11-25 18:57:18'),(240,4,86,313,1,'2015-11-25 18:57:18','2015-11-25 18:57:18'),(241,4,87,316,0,'2015-11-25 18:57:18','2015-11-25 18:57:18'),(242,4,88,318,1,'2015-11-25 18:57:18','2015-11-25 18:57:18'),(243,4,89,321,1,'2015-11-25 18:57:18','2015-11-25 18:57:18'),(244,4,90,325,1,'2015-11-25 18:57:18','2015-11-25 18:57:18'),(245,4,91,328,1,'2015-11-25 18:57:18','2015-11-25 18:57:18'),(246,4,92,331,1,'2015-11-25 18:57:18','2015-11-25 18:57:18'),(247,4,93,333,1,'2015-11-25 18:57:18','2015-11-25 18:57:18'),(248,4,94,337,1,'2015-11-25 18:57:18','2015-11-25 18:57:18'),(249,4,95,339,1,'2015-11-25 18:57:18','2015-11-25 18:57:18'),(250,4,96,344,0,'2015-11-25 18:57:18','2015-11-25 18:57:18'),(251,4,97,346,0,'2015-11-25 18:57:18','2015-11-25 18:57:18'),(252,4,98,349,0,'2015-11-25 18:57:18','2015-11-25 18:57:18'),(253,4,99,351,0,'2015-11-25 18:57:18','2015-11-25 18:57:18'),(254,5,1,1,0,'2015-11-26 09:10:56','2015-11-26 09:10:56'),(255,5,2,5,1,'2015-11-26 09:10:56','2015-11-26 09:10:56'),(256,5,3,9,0,'2015-11-26 09:10:56','2015-11-26 09:10:56'),(257,5,4,13,0,'2015-11-26 09:10:56','2015-11-26 09:10:56'),(258,5,5,17,0,'2015-11-26 09:10:56','2015-11-26 09:10:56'),(259,5,6,21,1,'2015-11-26 09:10:56','2015-11-26 09:10:56'),(260,5,7,25,0,'2015-11-26 09:10:56','2015-11-26 09:10:56'),(261,5,8,29,0,'2015-11-26 09:10:56','2015-11-26 09:10:56'),(262,5,9,33,0,'2015-11-26 09:10:56','2015-11-26 09:10:56'),(263,5,10,37,0,'2015-11-26 09:10:56','2015-11-26 09:10:56'),(264,5,11,41,0,'2015-11-26 09:10:56','2015-11-26 09:10:56'),(265,5,12,45,0,'2015-11-26 09:10:56','2015-11-26 09:10:56'),(266,5,13,49,0,'2015-11-26 09:10:56','2015-11-26 09:10:56'),(267,5,14,53,1,'2015-11-26 09:10:56','2015-11-26 09:10:56'),(268,5,15,57,0,'2015-11-26 09:10:56','2015-11-26 09:10:56'),(269,5,16,61,0,'2015-11-26 09:10:56','2015-11-26 09:10:56'),(270,5,17,65,0,'2015-11-26 09:10:56','2015-11-26 09:10:56'),(271,5,18,69,0,'2015-11-26 09:10:56','2015-11-26 09:10:56'),(272,5,19,73,0,'2015-11-26 09:10:56','2015-11-26 09:10:56'),(273,5,20,77,0,'2015-11-26 09:10:56','2015-11-26 09:10:56'),(274,5,21,81,0,'2015-11-26 09:10:56','2015-11-26 09:10:56'),(275,5,22,85,0,'2015-11-26 09:10:56','2015-11-26 09:10:56'),(276,5,23,89,1,'2015-11-26 09:10:56','2015-11-26 09:10:56'),(277,5,24,93,0,'2015-11-26 09:10:56','2015-11-26 09:10:56'),(278,5,25,97,0,'2015-11-26 09:10:56','2015-11-26 09:10:56'),(279,5,26,101,0,'2015-11-26 09:10:56','2015-11-26 09:10:56'),(280,5,27,105,0,'2015-11-26 09:10:56','2015-11-26 09:10:56'),(281,5,28,109,0,'2015-11-26 09:10:56','2015-11-26 09:10:56'),(282,5,29,113,0,'2015-11-26 09:10:56','2015-11-26 09:10:56'),(283,5,30,117,0,'2015-11-26 09:10:56','2015-11-26 09:10:56'),(284,5,31,121,0,'2015-11-26 09:10:56','2015-11-26 09:10:56'),(285,5,32,125,1,'2015-11-26 09:10:56','2015-11-26 09:10:56'),(286,5,33,129,0,'2015-11-26 09:10:56','2015-11-26 09:10:56'),(287,5,34,133,0,'2015-11-26 09:10:56','2015-11-26 09:10:56'),(288,5,35,137,0,'2015-11-26 09:10:56','2015-11-26 09:10:56'),(289,5,36,141,0,'2015-11-26 09:10:56','2015-11-26 09:10:56'),(290,5,37,145,0,'2015-11-26 09:10:56','2015-11-26 09:10:56'),(291,5,38,149,0,'2015-11-26 09:10:56','2015-11-26 09:10:56'),(292,5,39,153,0,'2015-11-26 09:10:56','2015-11-26 09:10:56'),(293,5,40,157,0,'2015-11-26 09:10:56','2015-11-26 09:10:56'),(294,5,41,161,0,'2015-11-26 09:10:56','2015-11-26 09:10:56'),(295,5,42,165,0,'2015-11-26 09:10:56','2015-11-26 09:10:56'),(296,5,43,169,1,'2015-11-26 09:10:56','2015-11-26 09:10:56'),(297,5,44,173,0,'2015-11-26 09:10:56','2015-11-26 09:10:56'),(298,5,45,177,0,'2015-11-26 09:10:56','2015-11-26 09:10:56'),(299,5,46,181,0,'2015-11-26 09:10:56','2015-11-26 09:10:56'),(300,5,47,185,0,'2015-11-26 09:10:56','2015-11-26 09:10:56'),(301,5,48,189,0,'2015-11-26 09:10:56','2015-11-26 09:10:56'),(302,5,49,193,0,'2015-11-26 09:10:56','2015-11-26 09:10:56'),(303,5,50,197,0,'2015-11-26 09:10:56','2015-11-26 09:10:56'),(304,5,51,201,0,'2015-11-26 09:10:56','2015-11-26 09:10:56'),(305,5,52,205,1,'2015-11-26 09:10:56','2015-11-26 09:10:56'),(306,5,53,209,0,'2015-11-26 09:10:56','2015-11-26 09:10:56'),(307,5,54,213,0,'2015-11-26 09:10:56','2015-11-26 09:10:56'),(308,5,55,217,0,'2015-11-26 09:10:56','2015-11-26 09:10:56'),(309,5,56,221,0,'2015-11-26 09:10:56','2015-11-26 09:10:56'),(310,5,57,224,0,'2015-11-26 09:10:56','2015-11-26 09:10:56'),(311,5,58,227,0,'2015-11-26 09:10:56','2015-11-26 09:10:56'),(312,5,59,230,0,'2015-11-26 09:10:56','2015-11-26 09:10:56'),(313,5,60,233,0,'2015-11-26 09:10:56','2015-11-26 09:10:56'),(314,5,61,236,1,'2015-11-26 09:10:56','2015-11-26 09:10:56'),(315,5,62,239,1,'2015-11-26 09:10:56','2015-11-26 09:10:56'),(316,5,63,242,0,'2015-11-26 09:10:56','2015-11-26 09:10:56'),(317,5,64,245,0,'2015-11-26 09:10:56','2015-11-26 09:10:56'),(318,5,65,248,0,'2015-11-26 09:10:56','2015-11-26 09:10:56'),(319,5,66,251,0,'2015-11-26 09:10:56','2015-11-26 09:10:56'),(320,5,67,254,0,'2015-11-26 09:10:56','2015-11-26 09:10:56'),(321,5,68,257,0,'2015-11-26 09:10:56','2015-11-26 09:10:56'),(322,5,69,260,1,'2015-11-26 09:10:56','2015-11-26 09:10:56'),(323,5,70,263,0,'2015-11-26 09:10:56','2015-11-26 09:10:56'),(324,5,71,266,0,'2015-11-26 09:10:56','2015-11-26 09:10:56'),(325,5,72,269,0,'2015-11-26 09:10:56','2015-11-26 09:10:56'),(326,5,73,272,0,'2015-11-26 09:10:56','2015-11-26 09:10:56'),(327,5,74,275,0,'2015-11-26 09:10:56','2015-11-26 09:10:56'),(328,5,75,278,0,'2015-11-26 09:10:56','2015-11-26 09:10:56'),(329,5,76,281,0,'2015-11-26 09:10:56','2015-11-26 09:10:56'),(330,5,77,284,0,'2015-11-26 09:10:56','2015-11-26 09:10:56'),(331,5,78,287,0,'2015-11-26 09:10:56','2015-11-26 09:10:56'),(332,5,79,290,0,'2015-11-26 09:10:56','2015-11-26 09:10:56'),(333,5,80,293,1,'2015-11-26 09:10:56','2015-11-26 09:10:56'),(334,5,81,296,0,'2015-11-26 09:10:56','2015-11-26 09:10:56'),(335,5,82,299,1,'2015-11-26 09:10:56','2015-11-26 09:10:56'),(336,5,83,302,0,'2015-11-26 09:10:56','2015-11-26 09:10:56'),(337,5,84,305,0,'2015-11-26 09:10:56','2015-11-26 09:10:56'),(338,5,85,308,0,'2015-11-26 09:10:56','2015-11-26 09:10:56'),(339,5,86,311,0,'2015-11-26 09:10:56','2015-11-26 09:10:56'),(340,5,87,314,0,'2015-11-26 09:10:56','2015-11-26 09:10:56'),(341,5,88,317,0,'2015-11-26 09:10:56','2015-11-26 09:10:56'),(342,5,89,320,0,'2015-11-26 09:10:56','2015-11-26 09:10:56'),(343,5,90,323,0,'2015-11-26 09:10:56','2015-11-26 09:10:56'),(344,5,91,326,0,'2015-11-26 09:10:56','2015-11-26 09:10:56'),(345,5,92,329,0,'2015-11-26 09:10:56','2015-11-26 09:10:56'),(346,5,93,332,0,'2015-11-26 09:10:56','2015-11-26 09:10:56'),(347,5,94,335,0,'2015-11-26 09:10:56','2015-11-26 09:10:56'),(348,5,95,338,0,'2015-11-26 09:10:56','2015-11-26 09:10:56'),(349,5,96,341,0,'2015-11-26 09:10:56','2015-11-26 09:10:56'),(350,5,97,345,0,'2015-11-26 09:10:56','2015-11-26 09:10:56'),(351,5,98,348,0,'2015-11-26 09:10:56','2015-11-26 09:10:56'),(352,5,99,351,0,'2015-11-26 09:10:56','2015-11-26 09:10:56'),(353,6,1,1,0,'2015-11-26 12:04:48','2015-11-26 12:04:48'),(354,6,2,5,1,'2015-11-26 12:04:48','2015-11-26 12:04:48'),(355,6,3,9,0,'2015-11-26 12:04:48','2015-11-26 12:04:48'),(356,6,4,13,0,'2015-11-26 12:04:48','2015-11-26 12:04:48'),(357,6,5,17,0,'2015-11-26 12:04:48','2015-11-26 12:04:48'),(358,6,6,21,1,'2015-11-26 12:04:48','2015-11-26 12:04:48'),(359,6,7,25,0,'2015-11-26 12:04:48','2015-11-26 12:04:48'),(360,6,8,29,0,'2015-11-26 12:04:48','2015-11-26 12:04:48'),(361,6,9,33,0,'2015-11-26 12:04:48','2015-11-26 12:04:48'),(362,6,10,37,0,'2015-11-26 12:04:48','2015-11-26 12:04:48'),(363,6,11,41,0,'2015-11-26 12:04:48','2015-11-26 12:04:48'),(364,6,12,45,0,'2015-11-26 12:04:48','2015-11-26 12:04:48'),(365,6,13,49,0,'2015-11-26 12:04:48','2015-11-26 12:04:48'),(366,6,14,53,1,'2015-11-26 12:04:48','2015-11-26 12:04:48'),(367,6,15,57,0,'2015-11-26 12:04:48','2015-11-26 12:04:48'),(368,6,16,61,0,'2015-11-26 12:04:48','2015-11-26 12:04:48'),(369,6,17,65,0,'2015-11-26 12:04:48','2015-11-26 12:04:48'),(370,6,18,69,0,'2015-11-26 12:04:48','2015-11-26 12:04:48'),(371,6,19,73,0,'2015-11-26 12:04:48','2015-11-26 12:04:48'),(372,6,20,77,0,'2015-11-26 12:04:48','2015-11-26 12:04:48'),(373,6,21,81,0,'2015-11-26 12:04:48','2015-11-26 12:04:48'),(374,6,22,85,0,'2015-11-26 12:04:48','2015-11-26 12:04:48'),(375,6,23,89,1,'2015-11-26 12:04:48','2015-11-26 12:04:48'),(376,6,24,93,0,'2015-11-26 12:04:48','2015-11-26 12:04:48'),(377,6,25,97,0,'2015-11-26 12:04:48','2015-11-26 12:04:48'),(378,6,26,101,0,'2015-11-26 12:04:48','2015-11-26 12:04:48'),(379,6,27,105,0,'2015-11-26 12:04:48','2015-11-26 12:04:48'),(380,6,28,109,0,'2015-11-26 12:04:48','2015-11-26 12:04:48'),(381,6,29,113,0,'2015-11-26 12:04:48','2015-11-26 12:04:48'),(382,6,30,117,0,'2015-11-26 12:04:48','2015-11-26 12:04:48'),(383,6,31,121,0,'2015-11-26 12:04:48','2015-11-26 12:04:48'),(384,6,32,125,1,'2015-11-26 12:04:48','2015-11-26 12:04:48'),(385,6,33,129,0,'2015-11-26 12:04:48','2015-11-26 12:04:48'),(386,6,34,133,0,'2015-11-26 12:04:48','2015-11-26 12:04:48'),(387,6,35,137,0,'2015-11-26 12:04:48','2015-11-26 12:04:48'),(388,6,36,141,0,'2015-11-26 12:04:48','2015-11-26 12:04:48'),(389,6,37,145,0,'2015-11-26 12:04:48','2015-11-26 12:04:48'),(390,6,38,149,0,'2015-11-26 12:04:48','2015-11-26 12:04:48'),(391,6,39,153,0,'2015-11-26 12:04:48','2015-11-26 12:04:48'),(392,6,40,157,0,'2015-11-26 12:04:48','2015-11-26 12:04:48'),(393,6,41,161,0,'2015-11-26 12:04:48','2015-11-26 12:04:48'),(394,6,42,165,0,'2015-11-26 12:04:48','2015-11-26 12:04:48'),(395,6,43,169,1,'2015-11-26 12:04:48','2015-11-26 12:04:48'),(396,6,44,173,0,'2015-11-26 12:04:48','2015-11-26 12:04:48'),(397,6,45,177,0,'2015-11-26 12:04:48','2015-11-26 12:04:48'),(398,6,46,181,0,'2015-11-26 12:04:48','2015-11-26 12:04:48'),(399,6,47,185,0,'2015-11-26 12:04:48','2015-11-26 12:04:48'),(400,6,48,189,0,'2015-11-26 12:04:48','2015-11-26 12:04:48'),(401,6,49,193,0,'2015-11-26 12:04:48','2015-11-26 12:04:48'),(402,6,50,197,0,'2015-11-26 12:04:48','2015-11-26 12:04:48'),(403,6,51,201,0,'2015-11-26 12:04:48','2015-11-26 12:04:48'),(404,6,52,205,1,'2015-11-26 12:04:48','2015-11-26 12:04:48'),(405,6,53,209,0,'2015-11-26 12:04:48','2015-11-26 12:04:48'),(406,6,54,213,0,'2015-11-26 12:04:48','2015-11-26 12:04:48'),(407,6,55,217,0,'2015-11-26 12:04:48','2015-11-26 12:04:48'),(408,6,56,221,0,'2015-11-26 12:04:48','2015-11-26 12:04:48'),(409,6,57,224,0,'2015-11-26 12:04:48','2015-11-26 12:04:48'),(410,6,58,227,0,'2015-11-26 12:04:48','2015-11-26 12:04:48'),(411,6,59,230,0,'2015-11-26 12:04:48','2015-11-26 12:04:48'),(412,6,60,233,0,'2015-11-26 12:04:48','2015-11-26 12:04:48'),(413,6,61,236,1,'2015-11-26 12:04:48','2015-11-26 12:04:48'),(414,6,62,239,1,'2015-11-26 12:04:48','2015-11-26 12:04:48'),(415,6,63,242,0,'2015-11-26 12:04:48','2015-11-26 12:04:48'),(416,6,64,245,0,'2015-11-26 12:04:48','2015-11-26 12:04:48'),(417,6,65,248,0,'2015-11-26 12:04:48','2015-11-26 12:04:48'),(418,6,66,251,0,'2015-11-26 12:04:48','2015-11-26 12:04:48'),(419,6,67,254,0,'2015-11-26 12:04:48','2015-11-26 12:04:48'),(420,6,68,257,0,'2015-11-26 12:04:48','2015-11-26 12:04:48'),(421,6,69,260,1,'2015-11-26 12:04:48','2015-11-26 12:04:48'),(422,6,70,263,0,'2015-11-26 12:04:48','2015-11-26 12:04:48'),(423,6,71,266,0,'2015-11-26 12:04:48','2015-11-26 12:04:48'),(424,6,72,269,0,'2015-11-26 12:04:48','2015-11-26 12:04:48'),(425,6,73,272,0,'2015-11-26 12:04:48','2015-11-26 12:04:48'),(426,6,74,275,0,'2015-11-26 12:04:48','2015-11-26 12:04:48'),(427,6,75,278,0,'2015-11-26 12:04:48','2015-11-26 12:04:48'),(428,6,76,281,0,'2015-11-26 12:04:48','2015-11-26 12:04:48'),(429,6,77,284,0,'2015-11-26 12:04:48','2015-11-26 12:04:48'),(430,6,78,287,0,'2015-11-26 12:04:48','2015-11-26 12:04:48'),(431,6,79,290,0,'2015-11-26 12:04:48','2015-11-26 12:04:48'),(432,6,80,293,1,'2015-11-26 12:04:48','2015-11-26 12:04:48'),(433,6,81,296,0,'2015-11-26 12:04:48','2015-11-26 12:04:48'),(434,6,82,299,1,'2015-11-26 12:04:48','2015-11-26 12:04:48'),(435,6,83,302,0,'2015-11-26 12:04:48','2015-11-26 12:04:48'),(436,6,84,305,0,'2015-11-26 12:04:48','2015-11-26 12:04:48'),(437,6,85,308,0,'2015-11-26 12:04:48','2015-11-26 12:04:48'),(438,6,86,311,0,'2015-11-26 12:04:48','2015-11-26 12:04:48'),(439,6,87,314,0,'2015-11-26 12:04:48','2015-11-26 12:04:48'),(440,6,88,317,0,'2015-11-26 12:04:48','2015-11-26 12:04:48'),(441,6,89,320,0,'2015-11-26 12:04:48','2015-11-26 12:04:48'),(442,6,90,323,0,'2015-11-26 12:04:48','2015-11-26 12:04:48'),(443,6,91,326,0,'2015-11-26 12:04:48','2015-11-26 12:04:48'),(444,6,92,329,0,'2015-11-26 12:04:48','2015-11-26 12:04:48'),(445,6,93,332,0,'2015-11-26 12:04:48','2015-11-26 12:04:48'),(446,6,94,335,0,'2015-11-26 12:04:48','2015-11-26 12:04:48'),(447,6,95,338,0,'2015-11-26 12:04:48','2015-11-26 12:04:48'),(448,6,96,341,0,'2015-11-26 12:04:48','2015-11-26 12:04:48'),(449,6,97,345,0,'2015-11-26 12:04:48','2015-11-26 12:04:48'),(450,6,98,348,0,'2015-11-26 12:04:48','2015-11-26 12:04:48'),(451,6,99,351,0,'2015-11-26 12:04:48','2015-11-26 12:04:48'),(452,7,1,3,1,'2015-12-22 11:48:46','2015-12-22 11:48:46'),(453,7,2,6,0,'2015-12-22 11:48:46','2015-12-22 11:48:46'),(454,7,3,11,0,'2015-12-22 11:48:46','2015-12-22 11:48:46'),(455,7,4,14,0,'2015-12-22 11:48:46','2015-12-22 11:48:46'),(456,7,5,18,0,'2015-12-22 11:48:46','2015-12-22 11:48:46'),(457,7,6,23,0,'2015-12-22 11:48:46','2015-12-22 11:48:46'),(458,7,7,26,0,'2015-12-22 11:48:46','2015-12-22 11:48:46'),(459,7,8,31,1,'2015-12-22 11:48:46','2015-12-22 11:48:46'),(460,7,9,35,1,'2015-12-22 11:48:46','2015-12-22 11:48:46'),(461,7,10,39,1,'2015-12-22 11:48:46','2015-12-22 11:48:46'),(462,7,11,43,1,'2015-12-22 11:48:46','2015-12-22 11:48:46'),(463,7,12,46,0,'2015-12-22 11:48:46','2015-12-22 11:48:46'),(464,7,13,51,0,'2015-12-22 11:48:46','2015-12-22 11:48:46'),(465,7,14,55,0,'2015-12-22 11:48:46','2015-12-22 11:48:46'),(466,7,15,60,0,'2015-12-22 11:48:46','2015-12-22 11:48:46'),(467,7,16,63,1,'2015-12-22 11:48:46','2015-12-22 11:48:46'),(468,7,17,67,1,'2015-12-22 11:48:46','2015-12-22 11:48:46'),(469,7,18,70,0,'2015-12-22 11:48:46','2015-12-22 11:48:46'),(470,7,19,74,0,'2015-12-22 11:48:46','2015-12-22 11:48:46'),(471,7,20,77,0,'2015-12-22 11:48:46','2015-12-22 11:48:46'),(472,7,21,81,0,'2015-12-22 11:48:47','2015-12-22 11:48:47'),(473,7,22,85,0,'2015-12-22 11:48:47','2015-12-22 11:48:47'),(474,7,23,90,0,'2015-12-22 11:48:47','2015-12-22 11:48:47'),(475,7,24,95,1,'2015-12-22 11:48:47','2015-12-22 11:48:47'),(476,7,25,98,1,'2015-12-22 11:48:47','2015-12-22 11:48:47'),(477,7,26,103,0,'2015-12-22 11:48:47','2015-12-22 11:48:47'),(478,7,27,106,0,'2015-12-22 11:48:47','2015-12-22 11:48:47'),(479,7,28,110,1,'2015-12-22 11:48:47','2015-12-22 11:48:47'),(480,7,29,114,0,'2015-12-22 11:48:47','2015-12-22 11:48:47'),(481,7,30,118,1,'2015-12-22 11:48:47','2015-12-22 11:48:47'),(482,7,31,123,0,'2015-12-22 11:48:47','2015-12-22 11:48:47'),(483,7,32,126,0,'2015-12-22 11:48:47','2015-12-22 11:48:47'),(484,7,33,130,0,'2015-12-22 11:48:47','2015-12-22 11:48:47'),(485,7,34,135,1,'2015-12-22 11:48:47','2015-12-22 11:48:47'),(486,7,35,139,0,'2015-12-22 11:48:47','2015-12-22 11:48:47'),(487,7,36,143,1,'2015-12-22 11:48:47','2015-12-22 11:48:47'),(488,7,37,146,0,'2015-12-22 11:48:47','2015-12-22 11:48:47'),(489,7,38,150,1,'2015-12-22 11:48:47','2015-12-22 11:48:47'),(490,7,39,155,0,'2015-12-22 11:48:47','2015-12-22 11:48:47'),(491,7,40,158,0,'2015-12-22 11:48:47','2015-12-22 11:48:47'),(492,7,41,162,0,'2015-12-22 11:48:47','2015-12-22 11:48:47'),(493,7,42,166,0,'2015-12-22 11:48:47','2015-12-22 11:48:47'),(494,7,43,171,0,'2015-12-22 11:48:47','2015-12-22 11:48:47'),(495,7,44,175,1,'2015-12-22 11:48:47','2015-12-22 11:48:47'),(496,7,45,178,0,'2015-12-22 11:48:47','2015-12-22 11:48:47'),(497,7,46,182,0,'2015-12-22 11:48:47','2015-12-22 11:48:47'),(498,7,47,186,0,'2015-12-22 11:48:47','2015-12-22 11:48:47'),(499,7,48,190,0,'2015-12-22 11:48:47','2015-12-22 11:48:47'),(500,7,49,194,1,'2015-12-22 11:48:47','2015-12-22 11:48:47'),(501,7,50,198,1,'2015-12-22 11:48:47','2015-12-22 11:48:47'),(502,7,51,204,0,'2015-12-22 11:48:47','2015-12-22 11:48:47'),(503,7,52,208,0,'2015-12-22 11:48:47','2015-12-22 11:48:47'),(504,7,53,210,0,'2015-12-22 11:48:47','2015-12-22 11:48:47'),(505,7,54,214,0,'2015-12-22 11:48:47','2015-12-22 11:48:47'),(506,7,55,218,0,'2015-12-22 11:48:47','2015-12-22 11:48:47'),(507,7,56,222,1,'2015-12-22 11:48:47','2015-12-22 11:48:47'),(508,7,57,225,1,'2015-12-22 11:48:47','2015-12-22 11:48:47'),(509,7,58,228,1,'2015-12-22 11:48:47','2015-12-22 11:48:47'),(510,7,59,231,1,'2015-12-22 11:48:47','2015-12-22 11:48:47'),(511,7,60,234,1,'2015-12-22 11:48:47','2015-12-22 11:48:47'),(512,7,61,237,0,'2015-12-22 11:48:47','2015-12-22 11:48:47'),(513,7,62,241,0,'2015-12-22 11:48:47','2015-12-22 11:48:47'),(514,7,63,243,1,'2015-12-22 11:48:47','2015-12-22 11:48:47'),(515,7,64,246,0,'2015-12-22 11:48:47','2015-12-22 11:48:47'),(516,7,65,249,1,'2015-12-22 11:48:47','2015-12-22 11:48:47'),(517,7,66,253,1,'2015-12-22 11:48:47','2015-12-22 11:48:47'),(518,7,67,256,1,'2015-12-22 11:48:47','2015-12-22 11:48:47'),(519,7,68,258,0,'2015-12-22 11:48:47','2015-12-22 11:48:47'),(520,7,69,262,0,'2015-12-22 11:48:47','2015-12-22 11:48:47'),(521,7,70,265,1,'2015-12-22 11:48:47','2015-12-22 11:48:47'),(522,7,71,268,1,'2015-12-22 11:48:47','2015-12-22 11:48:47'),(523,7,72,270,1,'2015-12-22 11:48:47','2015-12-22 11:48:47'),(524,7,73,273,1,'2015-12-22 11:48:47','2015-12-22 11:48:47'),(525,7,74,276,1,'2015-12-22 11:48:47','2015-12-22 11:48:47'),(526,7,75,279,1,'2015-12-22 11:48:47','2015-12-22 11:48:47'),(527,7,76,282,1,'2015-12-22 11:48:47','2015-12-22 11:48:47'),(528,7,77,285,1,'2015-12-22 11:48:47','2015-12-22 11:48:47'),(529,7,78,288,1,'2015-12-22 11:48:47','2015-12-22 11:48:47'),(530,7,79,291,1,'2015-12-22 11:48:47','2015-12-22 11:48:47'),(531,7,80,294,0,'2015-12-22 11:48:47','2015-12-22 11:48:47'),(532,7,81,297,0,'2015-12-22 11:48:47','2015-12-22 11:48:47'),(533,7,82,300,0,'2015-12-22 11:48:47','2015-12-22 11:48:47'),(534,7,83,303,1,'2015-12-22 11:48:47','2015-12-22 11:48:47'),(535,7,84,306,0,'2015-12-22 11:48:47','2015-12-22 11:48:47'),(536,7,85,309,1,'2015-12-22 11:48:47','2015-12-22 11:48:47'),(537,7,86,313,1,'2015-12-22 11:48:47','2015-12-22 11:48:47'),(538,7,87,315,1,'2015-12-22 11:48:47','2015-12-22 11:48:47'),(539,7,88,318,1,'2015-12-22 11:48:47','2015-12-22 11:48:47'),(540,7,89,321,1,'2015-12-22 11:48:47','2015-12-22 11:48:47'),(541,7,90,325,1,'2015-12-22 11:48:47','2015-12-22 11:48:47'),(542,7,91,328,1,'2015-12-22 11:48:47','2015-12-22 11:48:47'),(543,7,92,330,0,'2015-12-22 11:48:47','2015-12-22 11:48:47'),(544,7,93,333,1,'2015-12-22 11:48:47','2015-12-22 11:48:47'),(545,7,94,337,1,'2015-12-22 11:48:47','2015-12-22 11:48:47'),(546,7,95,339,1,'2015-12-22 11:48:47','2015-12-22 11:48:47'),(547,7,96,343,1,'2015-12-22 11:48:47','2015-12-22 11:48:47'),(548,7,97,347,1,'2015-12-22 11:48:47','2015-12-22 11:48:47'),(549,7,98,349,0,'2015-12-22 11:48:47','2015-12-22 11:48:47'),(550,7,99,352,1,'2015-12-22 11:48:47','2015-12-22 11:48:47'),(551,8,1,1,0,'2016-01-15 17:27:40','2016-01-15 17:27:40'),(552,8,2,5,1,'2016-01-15 17:27:40','2016-01-15 17:27:40'),(553,8,3,10,1,'2016-01-15 17:27:40','2016-01-15 17:27:40'),(554,8,4,15,1,'2016-01-15 17:27:40','2016-01-15 17:27:40'),(555,8,5,18,0,'2016-01-15 17:27:40','2016-01-15 17:27:40'),(556,8,6,23,0,'2016-01-15 17:27:40','2016-01-15 17:27:40'),(557,8,7,26,0,'2016-01-15 17:27:40','2016-01-15 17:27:40'),(558,8,8,31,1,'2016-01-15 17:27:40','2016-01-15 17:27:40'),(559,8,9,34,0,'2016-01-15 17:27:40','2016-01-15 17:27:40'),(560,8,10,38,0,'2016-01-15 17:27:40','2016-01-15 17:27:40'),(561,8,11,42,0,'2016-01-15 17:27:40','2016-01-15 17:27:40'),(562,8,12,46,0,'2016-01-15 17:27:40','2016-01-15 17:27:40'),(563,8,13,51,0,'2016-01-15 17:27:40','2016-01-15 17:27:40'),(564,8,14,54,0,'2016-01-15 17:27:40','2016-01-15 17:27:40'),(565,8,15,60,0,'2016-01-15 17:27:40','2016-01-15 17:27:40'),(566,8,16,63,1,'2016-01-15 17:27:40','2016-01-15 17:27:40'),(567,8,17,67,1,'2016-01-15 17:27:40','2016-01-15 17:27:40'),(568,8,18,70,0,'2016-01-15 17:27:40','2016-01-15 17:27:40'),(569,8,19,75,1,'2016-01-15 17:27:40','2016-01-15 17:27:40'),(570,8,20,79,0,'2016-01-15 17:27:40','2016-01-15 17:27:40'),(571,8,21,84,0,'2016-01-15 17:27:40','2016-01-15 17:27:40'),(572,8,22,87,0,'2016-01-15 17:27:40','2016-01-15 17:27:40'),(573,8,23,91,0,'2016-01-15 17:27:40','2016-01-15 17:27:40'),(574,8,24,95,1,'2016-01-15 17:27:40','2016-01-15 17:27:40'),(575,8,25,99,0,'2016-01-15 17:27:40','2016-01-15 17:27:40'),(576,8,26,103,0,'2016-01-15 17:27:40','2016-01-15 17:27:40'),(577,8,27,106,0,'2016-01-15 17:27:40','2016-01-15 17:27:40'),(578,8,28,110,1,'2016-01-15 17:27:40','2016-01-15 17:27:40'),(579,8,29,114,0,'2016-01-15 17:27:40','2016-01-15 17:27:40'),(580,8,30,118,1,'2016-01-15 17:27:40','2016-01-15 17:27:40'),(581,8,31,123,0,'2016-01-15 17:27:40','2016-01-15 17:27:40'),(582,8,32,126,0,'2016-01-15 17:27:40','2016-01-15 17:27:40'),(583,8,33,130,0,'2016-01-15 17:27:40','2016-01-15 17:27:40'),(584,8,34,135,1,'2016-01-15 17:27:40','2016-01-15 17:27:40'),(585,8,35,139,0,'2016-01-15 17:27:40','2016-01-15 17:27:40'),(586,8,36,144,0,'2016-01-15 17:27:40','2016-01-15 17:27:40'),(587,8,37,147,1,'2016-01-15 17:27:40','2016-01-15 17:27:40'),(588,8,38,151,0,'2016-01-15 17:27:40','2016-01-15 17:27:40'),(589,8,39,155,0,'2016-01-15 17:27:40','2016-01-15 17:27:40'),(590,8,40,159,0,'2016-01-15 17:27:40','2016-01-15 17:27:40'),(591,8,41,163,1,'2016-01-15 17:27:40','2016-01-15 17:27:40'),(592,8,42,167,1,'2016-01-15 17:27:40','2016-01-15 17:27:40'),(593,8,43,171,0,'2016-01-15 17:27:40','2016-01-15 17:27:40'),(594,8,44,176,0,'2016-01-15 17:27:40','2016-01-15 17:27:40'),(595,8,45,179,1,'2016-01-15 17:27:40','2016-01-15 17:27:40'),(596,8,46,184,0,'2016-01-15 17:27:40','2016-01-15 17:27:40'),(597,8,47,188,0,'2016-01-15 17:27:40','2016-01-15 17:27:40'),(598,8,48,192,1,'2016-01-15 17:27:40','2016-01-15 17:27:40'),(599,8,49,196,0,'2016-01-15 17:27:40','2016-01-15 17:27:40'),(600,8,50,200,0,'2016-01-15 17:27:40','2016-01-15 17:27:40'),(601,8,51,203,0,'2016-01-15 17:27:40','2016-01-15 17:27:40'),(602,8,52,208,0,'2016-01-15 17:27:40','2016-01-15 17:27:40'),(603,8,53,211,1,'2016-01-15 17:27:40','2016-01-15 17:27:40'),(604,8,54,215,1,'2016-01-15 17:27:40','2016-01-15 17:27:40'),(605,8,55,219,1,'2016-01-15 17:27:40','2016-01-15 17:27:40'),(606,8,56,223,0,'2016-01-15 17:27:40','2016-01-15 17:27:40'),(607,8,57,226,0,'2016-01-15 17:27:40','2016-01-15 17:27:40'),(608,8,58,228,1,'2016-01-15 17:27:40','2016-01-15 17:27:40'),(609,8,59,232,0,'2016-01-15 17:27:41','2016-01-15 17:27:41'),(610,8,60,235,0,'2016-01-15 17:27:41','2016-01-15 17:27:41'),(611,8,61,237,0,'2016-01-15 17:27:41','2016-01-15 17:27:41'),(612,8,62,241,0,'2016-01-15 17:27:41','2016-01-15 17:27:41'),(613,8,63,244,0,'2016-01-15 17:27:41','2016-01-15 17:27:41'),(614,8,64,247,1,'2016-01-15 17:27:41','2016-01-15 17:27:41'),(615,8,65,250,0,'2016-01-15 17:27:41','2016-01-15 17:27:41'),(616,8,66,253,1,'2016-01-15 17:27:41','2016-01-15 17:27:41'),(617,8,67,256,1,'2016-01-15 17:27:41','2016-01-15 17:27:41'),(618,8,68,259,1,'2016-01-15 17:27:41','2016-01-15 17:27:41'),(619,8,69,262,0,'2016-01-15 17:27:41','2016-01-15 17:27:41'),(620,8,70,265,1,'2016-01-15 17:27:41','2016-01-15 17:27:41'),(621,8,71,268,1,'2016-01-15 17:27:41','2016-01-15 17:27:41'),(622,8,72,271,0,'2016-01-15 17:27:41','2016-01-15 17:27:41'),(623,8,73,274,0,'2016-01-15 17:27:41','2016-01-15 17:27:41'),(624,8,74,277,0,'2016-01-15 17:27:41','2016-01-15 17:27:41'),(625,8,75,280,0,'2016-01-15 17:27:41','2016-01-15 17:27:41'),(626,8,76,283,0,'2016-01-15 17:27:41','2016-01-15 17:27:41'),(627,8,77,285,1,'2016-01-15 17:27:41','2016-01-15 17:27:41'),(628,8,78,288,1,'2016-01-15 17:27:41','2016-01-15 17:27:41'),(629,8,79,292,0,'2016-01-15 17:27:41','2016-01-15 17:27:41'),(630,8,80,295,0,'2016-01-15 17:27:41','2016-01-15 17:27:41'),(631,8,81,298,1,'2016-01-15 17:27:41','2016-01-15 17:27:41'),(632,8,82,301,0,'2016-01-15 17:27:41','2016-01-15 17:27:41'),(633,8,83,304,0,'2016-01-15 17:27:41','2016-01-15 17:27:41'),(634,8,84,307,1,'2016-01-15 17:27:41','2016-01-15 17:27:41'),(635,8,85,310,0,'2016-01-15 17:27:41','2016-01-15 17:27:41'),(636,8,86,313,1,'2016-01-15 17:27:41','2016-01-15 17:27:41'),(637,8,87,316,0,'2016-01-15 17:27:41','2016-01-15 17:27:41'),(638,8,88,319,0,'2016-01-15 17:27:41','2016-01-15 17:27:41'),(639,8,89,321,1,'2016-01-15 17:27:41','2016-01-15 17:27:41'),(640,8,90,325,1,'2016-01-15 17:27:41','2016-01-15 17:27:41'),(641,8,91,328,1,'2016-01-15 17:27:41','2016-01-15 17:27:41'),(642,8,92,331,1,'2016-01-15 17:27:41','2016-01-15 17:27:41'),(643,8,93,333,1,'2016-01-15 17:27:41','2016-01-15 17:27:41'),(644,8,94,337,1,'2016-01-15 17:27:41','2016-01-15 17:27:41'),(645,8,95,339,1,'2016-01-15 17:27:41','2016-01-15 17:27:41'),(646,8,96,344,0,'2016-01-15 17:27:41','2016-01-15 17:27:41'),(647,8,97,347,1,'2016-01-15 17:27:41','2016-01-15 17:27:41'),(648,8,98,349,0,'2016-01-15 17:27:41','2016-01-15 17:27:41'),(649,8,99,352,1,'2016-01-15 17:27:41','2016-01-15 17:27:41');

/*Table structure for table `survey_attempts` */

DROP TABLE IF EXISTS `survey_attempts`;

CREATE TABLE `survey_attempts` (
  `id` int(11) NOT NULL AUTO_INCREMENT,
  `participant_id` int(11) DEFAULT NULL,
  `participant_type` varchar(255) DEFAULT NULL,
  `survey_id` int(11) DEFAULT NULL,
  `winner` tinyint(1) DEFAULT NULL,
  `score` int(11) DEFAULT NULL,
  PRIMARY KEY (`id`)
) ENGINE=InnoDB AUTO_INCREMENT=9 DEFAULT CHARSET=utf8;

/*Data for the table `survey_attempts` */

insert  into `survey_attempts`(`id`,`participant_id`,`participant_type`,`survey_id`,`winner`,`score`) values (1,6,'User',1,NULL,1),(2,6,'User',1,NULL,0),(3,9,'User',1,NULL,1),(4,9,'User',1,NULL,1),(5,7,'User',1,NULL,0),(6,7,'User',1,NULL,0),(7,12,'User',1,NULL,1),(8,10,'User',1,NULL,0);

/*Table structure for table `survey_options` */

DROP TABLE IF EXISTS `survey_options`;

CREATE TABLE `survey_options` (
  `id` int(11) NOT NULL AUTO_INCREMENT,
  `question_id` int(11) DEFAULT NULL,
  `weight` int(11) DEFAULT '0',
  `text` varchar(255) DEFAULT NULL,
  `correct` tinyint(1) DEFAULT NULL,
  `created_at` datetime DEFAULT NULL,
  `updated_at` datetime DEFAULT NULL,
  PRIMARY KEY (`id`)
) ENGINE=InnoDB AUTO_INCREMENT=354 DEFAULT CHARSET=utf8;

/*Data for the table `survey_options` */

insert  into `survey_options`(`id`,`question_id`,`weight`,`text`,`correct`,`created_at`,`updated_at`) values (1,1,0,'an',0,'2015-11-17 22:47:25','2015-11-17 22:47:25'),(2,1,0,'the',0,'2015-11-17 22:47:25','2015-11-17 22:47:25'),(3,1,1,'a',1,'2015-11-17 22:47:25','2015-11-17 22:47:25'),(4,1,0,'one',0,'2015-11-17 22:47:25','2015-11-17 22:47:25'),(5,2,0,'Does',1,'2015-11-20 14:17:54','2015-11-21 10:59:54'),(6,2,0,'Has',0,'2015-11-20 14:17:54','2015-11-20 14:17:54'),(7,2,0,'Is',0,'2015-11-20 14:17:54','2015-11-20 14:17:54'),(8,2,1,'Do',0,'2015-11-20 14:17:54','2015-11-21 10:59:54'),(9,3,0,'writing',0,'2015-11-20 14:19:12','2015-11-20 14:19:12'),(10,3,0,'writes',1,'2015-11-20 14:19:12','2015-11-21 10:59:54'),(11,3,0,'write',0,'2015-11-20 14:19:12','2015-11-20 14:19:12'),(12,3,0,'is writes',0,'2015-11-20 14:19:12','2015-11-20 14:19:12'),(13,4,0,'What',0,'2015-11-20 14:20:19','2015-11-20 14:20:19'),(14,4,0,'Who\'s',0,'2015-11-20 14:20:19','2015-11-20 14:20:19'),(15,4,0,'Whose',1,'2015-11-20 14:20:19','2015-11-21 10:59:54'),(16,4,0,'Which',0,'2015-11-20 14:20:19','2015-11-20 14:20:19'),(17,5,0,'She does',0,'2015-11-20 14:23:19','2015-11-20 14:23:19'),(18,5,0,'She',0,'2015-11-20 14:23:19','2015-11-20 14:23:19'),(19,5,0,'She\'ll',1,'2015-11-20 14:23:19','2015-11-21 10:59:54'),(20,5,0,'She\'s',0,'2015-11-20 14:23:19','2015-11-20 14:23:19'),(21,6,0,'went',1,'2015-11-20 14:26:10','2015-11-21 10:59:54'),(22,6,0,'goes',0,'2015-11-20 14:26:10','2015-11-20 14:26:10'),(23,6,0,'has gone',0,'2015-11-20 14:26:10','2015-11-20 14:26:10'),(24,6,0,'has been',0,'2015-11-20 14:26:10','2015-11-20 14:26:10'),(25,7,0,'worked',0,'2015-11-20 14:26:10','2015-11-20 14:26:10'),(26,7,0,'has been working',0,'2015-11-20 14:26:10','2015-11-20 14:26:10'),(27,7,0,'is working',1,'2015-11-20 14:26:10','2015-11-21 10:59:54'),(28,7,0,'work',0,'2015-11-20 14:26:10','2015-11-20 14:26:10'),(29,8,0,'any',0,'2015-11-20 14:27:34','2015-11-20 14:27:34'),(30,8,0,'all',0,'2015-11-20 14:27:34','2015-11-20 14:27:34'),(31,8,0,'some',1,'2015-11-20 14:27:34','2015-11-21 10:59:54'),(32,8,0,'lots',0,'2015-11-20 14:27:34','2015-11-20 14:27:34'),(33,9,0,'works',0,'2015-11-20 14:29:40','2015-11-20 14:29:40'),(34,9,0,'is working',0,'2015-11-20 14:29:40','2015-11-20 14:29:40'),(35,9,0,'has been working',1,'2015-11-20 14:29:40','2015-11-21 10:59:54'),(36,9,0,'worked',0,'2015-11-20 14:29:40','2015-11-20 14:29:40'),(37,10,0,'You hurry',0,'2015-11-20 14:29:40','2015-11-20 14:29:40'),(38,10,0,'Be hurrying',0,'2015-11-20 14:29:40','2015-11-20 14:29:40'),(39,10,0,'Hurry',1,'2015-11-20 14:29:40','2015-11-21 10:59:54'),(40,10,0,'Hurry you',0,'2015-11-20 14:29:40','2015-11-20 14:29:40'),(41,11,0,'more good',0,'2015-11-20 14:42:37','2015-11-20 14:42:37'),(42,11,0,'most good',0,'2015-11-20 14:42:37','2015-11-20 14:42:37'),(43,11,0,'better',1,'2015-11-20 14:42:37','2015-11-21 10:59:54'),(44,11,0,'gooder',0,'2015-11-20 14:42:37','2015-11-20 14:42:37'),(45,12,0,'doesn\'t',0,'2015-11-20 14:42:37','2015-11-20 14:42:37'),(46,12,0,'don\'t smoke',0,'2015-11-20 14:42:37','2015-11-20 14:42:37'),(47,12,0,'don\'t',1,'2015-11-20 14:42:37','2015-11-21 10:59:54'),(48,12,0,'am not smoking',0,'2015-11-20 14:42:37','2015-11-20 14:42:37'),(49,13,0,'get',0,'2015-11-20 14:42:37','2015-11-20 14:42:37'),(50,13,0,'got',0,'2015-11-20 14:42:37','2015-11-20 14:42:37'),(51,13,0,'getting',0,'2015-11-20 14:42:37','2015-11-20 14:42:37'),(52,13,0,'\'ve got',1,'2015-11-20 14:42:37','2015-11-21 10:59:54'),(53,14,0,'your',1,'2015-11-20 14:42:37','2015-11-21 10:59:54'),(54,14,0,'yours',0,'2015-11-20 14:42:37','2015-11-20 14:42:37'),(55,14,0,'you',0,'2015-11-20 14:42:37','2015-11-20 14:42:37'),(56,14,0,'an',0,'2015-11-20 14:42:37','2015-11-20 14:42:37'),(57,15,0,'on',0,'2015-11-20 14:42:37','2015-11-20 14:42:37'),(58,15,0,'in',1,'2015-11-20 14:42:37','2015-11-21 10:59:54'),(59,15,0,'at',0,'2015-11-20 14:42:37','2015-11-20 14:42:37'),(60,15,0,'into',0,'2015-11-20 14:42:37','2015-11-20 14:42:37'),(61,16,0,'the',0,'2015-11-20 14:42:37','2015-11-20 14:42:37'),(62,16,0,'go',0,'2015-11-20 14:42:37','2015-11-20 14:42:37'),(63,16,0,'-',1,'2015-11-20 14:42:37','2015-11-21 10:59:54'),(64,16,0,'an',0,'2015-11-20 14:42:37','2015-11-20 14:42:37'),(65,17,0,'Is',0,'2015-11-20 14:42:37','2015-11-20 14:42:37'),(66,17,0,'Do',0,'2015-11-20 14:42:37','2015-11-20 14:42:37'),(67,17,0,'Are',1,'2015-11-20 14:42:37','2015-11-21 10:59:54'),(68,17,0,'Be',0,'2015-11-20 14:42:37','2015-11-20 14:42:37'),(69,18,0,'are starting',0,'2015-11-20 14:42:37','2015-11-20 14:42:37'),(70,18,0,'starts',0,'2015-11-20 14:42:37','2015-11-20 14:42:37'),(71,18,0,'have starting',0,'2015-11-20 14:42:37','2015-11-20 14:42:37'),(72,18,0,'start',1,'2015-11-20 14:42:37','2015-11-21 10:59:54'),(73,19,0,'Why',0,'2015-11-20 14:42:37','2015-11-20 14:42:37'),(74,19,0,'Where',0,'2015-11-20 14:42:37','2015-11-20 14:42:37'),(75,19,0,'What',1,'2015-11-20 14:42:37','2015-11-21 10:59:54'),(76,19,0,'Who',0,'2015-11-20 14:42:37','2015-11-20 14:42:37'),(77,20,0,'will rain',0,'2015-11-20 14:42:37','2015-11-20 14:42:37'),(78,20,0,'is going to rain',1,'2015-11-20 14:42:37','2015-11-21 10:59:54'),(79,20,0,'rains',0,'2015-11-20 14:42:37','2015-11-20 14:42:37'),(80,20,0,'rain',0,'2015-11-20 14:42:37','2015-11-20 14:42:37'),(81,21,0,'eat',0,'2015-11-20 14:48:32','2015-11-20 14:48:32'),(82,21,0,'am eating',0,'2015-11-20 14:48:32','2015-11-20 14:48:32'),(83,21,0,'ate',1,'2015-11-20 14:48:32','2015-11-21 10:59:54'),(84,21,0,'eated',0,'2015-11-20 14:48:32','2015-11-20 14:48:32'),(85,22,0,'trys',0,'2015-11-20 15:10:09','2015-11-20 15:10:09'),(86,22,0,'am trying',1,'2015-11-20 15:10:09','2015-11-21 10:59:54'),(87,22,0,'have been trying',0,'2015-11-20 15:10:09','2015-11-20 15:10:09'),(88,22,0,'tried',0,'2015-11-20 15:10:09','2015-11-20 15:10:09'),(89,23,0,'some',1,'2015-11-20 15:10:09','2015-11-21 10:59:54'),(90,23,0,'many',0,'2015-11-20 15:10:09','2015-11-20 15:10:09'),(91,23,0,'all',0,'2015-11-20 15:10:09','2015-11-20 15:10:09'),(92,23,0,'few',0,'2015-11-20 15:10:09','2015-11-20 15:10:09'),(93,24,0,'Had he',0,'2015-11-20 15:10:09','2015-11-20 15:10:09'),(94,24,0,'Is he',0,'2015-11-20 15:10:09','2015-11-20 15:10:09'),(95,24,0,'Has he',1,'2015-11-20 15:10:09','2015-11-21 10:59:54'),(96,24,0,'Did he',0,'2015-11-20 15:10:09','2015-11-20 15:10:09'),(97,25,0,'Stopping',0,'2015-11-20 15:10:09','2015-11-20 15:10:09'),(98,25,0,'Stop',1,'2015-11-20 15:10:09','2015-11-21 10:59:54'),(99,25,0,'Stops',0,'2015-11-20 15:10:09','2015-11-20 15:10:09'),(100,25,0,'You stop',0,'2015-11-20 15:10:09','2015-11-20 15:10:09'),(101,26,0,'bad',0,'2015-11-20 15:10:09','2015-11-20 15:10:09'),(102,26,0,'badest',0,'2015-11-20 15:10:09','2015-11-20 15:10:09'),(103,26,0,'worse',0,'2015-11-20 15:10:09','2015-11-20 15:10:09'),(104,26,0,'worst',1,'2015-11-20 15:10:09','2015-11-21 10:59:54'),(105,27,0,'Yes, I do',0,'2015-11-20 15:10:09','2015-11-20 15:10:09'),(106,27,0,'Yes, I am study',0,'2015-11-20 15:10:09','2015-11-20 15:10:09'),(107,27,0,'Yes, I am',1,'2015-11-20 15:10:09','2015-11-21 10:59:54'),(108,27,0,'Yes I\'m',0,'2015-11-20 15:10:09','2015-11-20 15:10:09'),(109,28,0,'have you',0,'2015-11-20 15:10:09','2015-11-20 15:10:09'),(110,28,0,'have you got',1,'2015-11-20 15:10:09','2015-11-21 10:59:54'),(111,28,0,'got you',0,'2015-11-20 15:10:09','2015-11-20 15:10:09'),(112,28,0,'do you',0,'2015-11-20 15:10:09','2015-11-20 15:10:09'),(113,29,0,'their',0,'2015-11-20 15:10:09','2015-11-20 15:10:09'),(114,29,0,'theirs',0,'2015-11-20 15:10:09','2015-11-20 15:10:09'),(115,29,0,'them',1,'2015-11-20 15:10:09','2015-11-21 10:59:54'),(116,29,0,'they',0,'2015-11-20 15:10:09','2015-11-20 15:10:09'),(117,30,0,'by our feet',0,'2015-11-20 15:10:09','2015-11-20 15:10:09'),(118,30,0,'on foot',1,'2015-11-20 15:10:09','2015-11-21 10:59:54'),(119,30,0,'with foot',0,'2015-11-20 15:10:09','2015-11-20 15:10:09'),(120,30,0,'walk',0,'2015-11-20 15:10:09','2015-11-20 15:10:09'),(121,31,0,'it the',0,'2015-11-20 15:10:09','2015-11-20 15:10:09'),(122,31,0,'it’s an',0,'2015-11-20 15:10:09','2015-11-20 15:10:09'),(123,31,0,'it’s',0,'2015-11-20 15:10:09','2015-11-20 15:10:09'),(124,31,0,'it’s a',1,'2015-11-20 15:10:09','2015-11-21 10:59:54'),(125,32,0,'Have you been',1,'2015-11-20 15:10:09','2015-11-21 10:59:54'),(126,32,0,'Be you',0,'2015-11-20 15:10:09','2015-11-20 15:10:09'),(127,32,0,'Are you',0,'2015-11-20 15:10:09','2015-11-20 15:10:09'),(128,32,0,'Went you',0,'2015-11-20 15:10:09','2015-11-20 15:10:09'),(129,33,0,'are closing',0,'2015-11-20 15:10:09','2015-11-20 15:10:09'),(130,33,0,'it closes',0,'2015-11-20 15:10:09','2015-11-20 15:10:09'),(131,33,0,'close',1,'2015-11-20 15:10:09','2015-11-21 10:59:54'),(132,33,0,'will closed',0,'2015-11-20 15:10:09','2015-11-20 15:10:09'),(133,34,0,'Who\'s',0,'2015-11-20 15:10:09','2015-11-20 15:10:09'),(134,34,0,'What',0,'2015-11-20 15:10:09','2015-11-20 15:10:09'),(135,34,0,'Whose',1,'2015-11-20 15:10:09','2015-11-21 10:59:54'),(136,34,0,'Which',0,'2015-11-20 15:10:09','2015-11-20 15:10:09'),(137,35,0,'flies',0,'2015-11-20 15:31:04','2015-11-20 15:31:04'),(138,35,0,'to flying',0,'2015-11-20 15:31:04','2015-11-20 15:31:04'),(139,35,0,'have flown',0,'2015-11-20 15:31:04','2015-11-20 15:31:04'),(140,35,0,'am flying',1,'2015-11-20 15:31:04','2015-11-21 10:59:54'),(141,36,0,'do',0,'2015-11-20 15:31:04','2015-11-20 15:31:04'),(142,36,0,'have',0,'2015-11-20 15:31:04','2015-11-20 15:31:04'),(143,36,0,'did',1,'2015-11-20 15:31:04','2015-11-21 10:59:54'),(144,36,0,'are',0,'2015-11-20 15:31:04','2015-11-20 15:31:04'),(145,37,0,'run',0,'2015-11-20 15:31:04','2015-11-20 15:31:04'),(146,37,0,'have been running',0,'2015-11-20 15:31:04','2015-11-20 15:31:04'),(147,37,0,'are running',1,'2015-11-20 15:31:04','2015-11-21 10:59:54'),(148,37,0,'ran',0,'2015-11-20 15:31:04','2015-11-20 15:31:04'),(149,38,0,'anything',0,'2015-11-20 15:31:04','2015-11-20 15:31:04'),(150,38,0,'something',1,'2015-11-20 15:31:04','2015-11-21 10:59:54'),(151,38,0,'neither',0,'2015-11-20 15:31:04','2015-11-20 15:31:04'),(152,38,0,'either',0,'2015-11-20 15:31:04','2015-11-20 15:31:04'),(153,39,0,'lose',0,'2015-11-20 15:31:04','2015-11-20 15:31:04'),(154,39,0,'has lost',1,'2015-11-20 15:31:04','2015-11-21 10:59:54'),(155,39,0,'is losing',0,'2015-11-20 15:31:04','2015-11-20 15:31:04'),(156,39,0,'loses',0,'2015-11-20 15:31:04','2015-11-20 15:31:04'),(157,40,0,'Gets',0,'2015-11-20 15:31:04','2015-11-20 15:31:04'),(158,40,0,'Be getting',0,'2015-11-20 15:31:04','2015-11-20 15:31:04'),(159,40,0,'You get',0,'2015-11-20 15:31:04','2015-11-20 15:31:04'),(160,40,0,'Get',1,'2015-11-20 15:31:04','2015-11-21 10:59:54'),(161,41,0,'most',0,'2015-11-20 15:31:04','2015-11-20 15:31:04'),(162,41,0,'much',0,'2015-11-20 15:31:04','2015-11-20 15:31:04'),(163,41,0,'more',1,'2015-11-20 15:31:04','2015-11-21 10:59:54'),(164,41,0,'many',0,'2015-11-20 15:31:04','2015-11-20 15:31:04'),(165,42,0,'are happy',0,'2015-11-20 15:31:05','2015-11-20 15:31:05'),(166,42,0,'\'m',0,'2015-11-20 15:31:05','2015-11-20 15:31:05'),(167,42,0,'am',1,'2015-11-20 15:31:05','2015-11-21 10:59:54'),(168,42,0,'be happy',0,'2015-11-20 15:31:05','2015-11-20 15:31:05'),(169,43,0,'have got',1,'2015-11-20 15:31:05','2015-11-21 10:59:54'),(170,43,0,'are got',0,'2015-11-20 15:31:05','2015-11-20 15:31:05'),(171,43,0,'have get',0,'2015-11-20 15:31:05','2015-11-20 15:31:05'),(172,43,0,'gets',0,'2015-11-20 15:31:05','2015-11-20 15:31:05'),(173,44,0,'he\'s',0,'2015-11-20 15:31:05','2015-11-20 15:31:05'),(174,44,0,'him',0,'2015-11-20 15:31:05','2015-11-20 15:31:05'),(175,44,0,'his',1,'2015-11-20 15:31:05','2015-11-21 10:59:54'),(176,44,0,'he',0,'2015-11-20 15:31:05','2015-11-20 15:31:05'),(177,45,0,'on, at',0,'2015-11-20 15:31:05','2015-11-20 15:31:05'),(178,45,0,'with, on,',0,'2015-11-20 15:31:05','2015-11-20 15:31:05'),(179,45,0,'at, on',1,'2015-11-20 15:31:05','2015-11-21 10:59:54'),(180,45,0,'at, in',0,'2015-11-20 15:31:05','2015-11-20 15:31:05'),(181,46,0,'May',0,'2015-11-20 15:31:05','2015-11-20 15:31:05'),(182,46,0,'Are',0,'2015-11-20 15:31:05','2015-11-20 15:31:05'),(183,46,0,'Could',1,'2015-11-20 15:31:05','2015-11-21 10:59:54'),(184,46,0,'If',0,'2015-11-20 15:31:05','2015-11-20 15:31:05'),(185,47,0,'Do',0,'2015-11-20 15:31:05','2015-11-20 15:31:05'),(186,47,0,'Have',0,'2015-11-20 15:31:05','2015-11-20 15:31:05'),(187,47,0,'Did',1,'2015-11-20 15:31:05','2015-11-21 10:59:54'),(188,47,0,'Are',0,'2015-11-20 15:31:05','2015-11-20 15:31:05'),(189,48,0,'can',0,'2015-11-20 15:31:05','2015-11-20 15:31:05'),(190,48,0,'will',0,'2015-11-20 15:31:05','2015-11-20 15:31:05'),(191,48,0,'often',0,'2015-11-20 15:31:05','2015-11-20 15:31:05'),(192,48,0,'could',1,'2015-11-20 15:31:05','2015-11-21 10:59:54'),(193,49,0,'faster',0,'2015-11-20 15:31:05','2015-11-20 15:31:05'),(194,49,0,'fast',1,'2015-11-20 15:31:05','2015-11-21 10:59:54'),(195,49,0,'quick',0,'2015-11-20 15:31:05','2015-11-20 15:31:05'),(196,49,0,'hard',0,'2015-11-20 15:31:05','2015-11-20 15:31:05'),(197,50,0,'have',0,'2015-11-20 15:31:05','2015-11-20 15:31:05'),(198,50,0,'had',1,'2015-11-20 15:31:05','2015-11-21 10:59:54'),(199,50,0,'will have',0,'2015-11-20 15:31:05','2015-11-20 15:31:05'),(200,50,0,'would have',0,'2015-11-20 15:31:05','2015-11-20 15:31:05'),(201,51,0,'have',0,'2015-11-20 15:31:05','2015-11-20 15:31:05'),(202,51,0,'will have',1,'2015-11-20 15:31:05','2015-11-21 10:59:54'),(203,51,0,'-',0,'2015-11-20 15:31:05','2015-11-20 15:31:05'),(204,51,0,'am going to',0,'2015-11-20 15:31:05','2015-11-20 15:31:05'),(205,52,0,'of',1,'2015-11-20 15:39:23','2015-11-21 10:59:54'),(206,52,0,'from',0,'2015-11-20 15:39:23','2015-11-20 15:39:23'),(207,52,0,'in',0,'2015-11-20 15:39:23','2015-11-20 15:39:23'),(208,52,0,'on',0,'2015-11-20 15:39:23','2015-11-20 15:39:23'),(209,53,0,'is made',0,'2015-11-20 15:39:23','2015-11-20 15:39:23'),(210,53,0,'made',0,'2015-11-20 15:39:23','2015-11-20 15:39:23'),(211,53,0,'are made',1,'2015-11-20 15:39:23','2015-11-21 10:59:54'),(212,53,0,'make',0,'2015-11-20 15:39:23','2015-11-20 15:39:23'),(213,54,0,'is gone',0,'2015-11-20 15:39:23','2015-11-20 15:39:23'),(214,54,0,'be gone',0,'2015-11-20 15:39:23','2015-11-20 15:39:23'),(215,54,0,'had gone',1,'2015-11-20 15:39:23','2015-11-21 10:59:54'),(216,54,0,'was gone',0,'2015-11-20 15:39:23','2015-11-20 15:39:23'),(217,55,0,'was to',0,'2015-11-20 15:39:23','2015-11-20 15:39:23'),(218,55,0,'has been to',0,'2015-11-20 15:39:23','2015-11-20 15:39:23'),(219,55,0,'had been to',1,'2015-11-20 15:39:23','2015-11-21 10:59:54'),(220,55,0,'I don\'t know',0,'2015-11-20 15:39:23','2015-11-20 15:39:23'),(221,56,0,'for',0,'2015-11-20 15:39:23','2015-11-20 15:39:23'),(222,56,0,'since',1,'2015-11-20 15:39:23','2015-11-21 10:59:54'),(223,56,0,'now',0,'2015-11-20 15:39:23','2015-11-20 15:39:23'),(224,57,0,'what',0,'2015-11-20 15:39:23','2015-11-20 15:39:23'),(225,57,0,'who',1,'2015-11-20 15:39:23','2015-11-21 10:59:54'),(226,57,0,'which',0,'2015-11-20 15:39:23','2015-11-20 15:39:23'),(227,58,0,'myself',0,'2015-11-20 15:39:23','2015-11-20 15:39:23'),(228,58,0,'mine',1,'2015-11-20 15:39:23','2015-11-21 10:59:54'),(229,58,0,'me',0,'2015-11-20 15:39:23','2015-11-20 15:39:23'),(230,59,0,'To jog',0,'2015-11-20 15:39:23','2015-11-20 15:39:23'),(231,59,0,'Jogging',1,'2015-11-20 15:39:23','2015-11-21 10:59:54'),(232,59,0,'Jog',0,'2015-11-20 15:39:23','2015-11-20 15:39:23'),(233,60,0,'us',0,'2015-11-20 15:39:23','2015-11-20 15:39:23'),(234,60,0,'each other',1,'2015-11-20 15:39:23','2015-11-21 10:59:54'),(235,60,0,'ourselves',0,'2015-11-20 15:39:23','2015-11-20 15:39:23'),(236,61,0,'was cooking',1,'2015-11-21 09:56:58','2015-11-21 10:59:54'),(237,61,0,'cooked',0,'2015-11-21 09:56:58','2015-11-21 09:56:58'),(238,61,0,'has cooked',0,'2015-11-21 09:56:58','2015-11-21 09:56:58'),(239,62,0,'that',1,'2015-11-21 09:56:58','2015-11-21 10:59:54'),(240,62,0,'what',0,'2015-11-21 09:56:58','2015-11-21 09:56:58'),(241,62,0,'who',0,'2015-11-21 09:56:58','2015-11-21 09:56:58'),(242,63,0,'could',0,'2015-11-21 09:56:58','2015-11-21 09:56:58'),(243,63,0,'would',1,'2015-11-21 09:56:58','2015-11-21 10:59:54'),(244,63,0,'will',0,'2015-11-21 09:56:58','2015-11-21 09:56:58'),(245,64,0,'flied',0,'2015-11-21 09:56:58','2015-11-21 09:56:58'),(246,64,0,'flew',0,'2015-11-21 09:56:58','2015-11-21 09:56:58'),(247,64,0,'has flown',1,'2015-11-21 09:56:58','2015-11-21 10:59:54'),(248,65,0,'Will',0,'2015-11-21 09:56:58','2015-11-21 09:56:58'),(249,65,0,'Can',1,'2015-11-21 09:56:58','2015-11-21 10:59:54'),(250,65,0,'Could',0,'2015-11-21 09:56:58','2015-11-21 09:56:58'),(251,66,0,'hardily',0,'2015-11-21 09:56:58','2015-11-21 09:56:58'),(252,66,0,'hard',0,'2015-11-21 09:56:58','2015-11-21 09:56:58'),(253,66,0,'very much',1,'2015-11-21 09:56:58','2015-11-21 10:59:54'),(254,67,0,'will',0,'2015-11-21 09:56:58','2015-11-21 09:56:58'),(255,67,0,'would',0,'2015-11-21 09:56:58','2015-11-21 09:56:58'),(256,67,0,'should',1,'2015-11-21 09:56:58','2015-11-21 10:59:54'),(257,68,0,'be lying',0,'2015-11-21 09:56:58','2015-11-21 09:56:58'),(258,68,0,'am lying',0,'2015-11-21 09:56:58','2015-11-21 09:56:58'),(259,68,0,'will be lying',1,'2015-11-21 09:56:58','2015-11-21 10:59:54'),(260,69,0,'into',1,'2015-11-21 09:56:58','2015-11-21 10:59:54'),(261,69,0,'onto',0,'2015-11-21 09:56:58','2015-11-21 09:56:58'),(262,69,0,'at',0,'2015-11-21 09:56:58','2015-11-21 09:56:58'),(263,70,0,'is',0,'2015-11-21 09:56:58','2015-11-21 09:56:58'),(264,70,0,'can',0,'2015-11-21 09:56:58','2015-11-21 09:56:58'),(265,70,0,'has been',1,'2015-11-21 09:56:58','2015-11-21 10:59:54'),(266,71,0,'tell',0,'2015-11-21 09:56:58','2015-11-21 09:56:58'),(267,71,0,'have told',0,'2015-11-21 09:56:58','2015-11-21 09:56:58'),(268,71,0,'had told',1,'2015-11-21 09:56:58','2015-11-21 10:59:54'),(269,72,0,'visits',0,'2015-11-21 09:56:58','2015-11-21 09:56:58'),(270,72,0,'had visited',1,'2015-11-21 09:56:58','2015-11-21 10:59:54'),(271,72,0,'was visit',0,'2015-11-21 09:56:58','2015-11-21 09:56:58'),(272,73,0,'since',0,'2015-11-21 10:05:04','2015-11-21 10:05:04'),(273,73,0,'for',1,'2015-11-21 10:05:04','2015-11-21 10:59:54'),(274,73,0,'years',0,'2015-11-21 10:05:04','2015-11-21 10:05:04'),(275,74,0,'who',0,'2015-11-21 10:05:04','2015-11-21 10:05:04'),(276,74,0,'that',1,'2015-11-21 10:05:04','2015-11-21 10:59:54'),(277,74,0,'what',0,'2015-11-21 10:05:04','2015-11-21 10:05:04'),(278,75,0,'Him',0,'2015-11-21 10:05:04','2015-11-21 10:05:04'),(279,75,0,'Himself',1,'2015-11-21 10:05:04','2015-11-21 10:59:54'),(280,75,0,'He',0,'2015-11-21 10:05:04','2015-11-21 10:05:04'),(281,76,0,'to like',0,'2015-11-21 10:05:04','2015-11-21 10:05:04'),(282,76,0,'liking',1,'2015-11-21 10:05:04','2015-11-21 10:59:54'),(283,76,0,'like',0,'2015-11-21 10:05:04','2015-11-21 10:05:04'),(284,77,0,'myself',0,'2015-11-21 10:05:04','2015-11-21 10:05:04'),(285,77,0,'me',1,'2015-11-21 10:05:04','2015-11-21 10:59:54'),(286,77,0,'I',0,'2015-11-21 10:05:04','2015-11-21 10:05:04'),(287,78,0,'did you do',0,'2015-11-21 10:05:04','2015-11-21 10:05:04'),(288,78,0,'were you doing',1,'2015-11-21 10:05:04','2015-11-21 10:59:54'),(289,78,0,'did you',0,'2015-11-21 10:05:04','2015-11-21 10:05:04'),(290,79,0,'That',0,'2015-11-21 10:05:04','2015-11-21 10:05:04'),(291,79,0,'What',1,'2015-11-21 10:05:04','2015-11-21 10:59:54'),(292,79,0,'Which',0,'2015-11-21 10:05:04','2015-11-21 10:05:04'),(293,80,0,'will',1,'2015-11-21 10:05:04','2015-11-21 10:59:54'),(294,80,0,'would',0,'2015-11-21 10:05:04','2015-11-21 10:05:04'),(295,80,0,'could',0,'2015-11-21 10:05:04','2015-11-21 10:05:04'),(296,81,0,'has written',0,'2015-11-21 10:26:01','2015-11-21 10:26:01'),(297,81,0,'had written',0,'2015-11-21 10:26:01','2015-11-21 10:26:01'),(298,81,0,'wrote',1,'2015-11-21 10:26:01','2015-11-21 10:59:54'),(299,82,0,'should',1,'2015-11-21 10:26:01','2015-11-21 10:59:54'),(300,82,0,'could',0,'2015-11-21 10:26:01','2015-11-21 10:26:01'),(301,82,0,'would',0,'2015-11-21 10:26:01','2015-11-21 10:26:01'),(302,83,0,'day',0,'2015-11-21 10:26:01','2015-11-21 10:26:01'),(303,83,0,'daily',1,'2015-11-21 10:26:01','2015-11-21 10:59:54'),(304,83,0,'everyday',0,'2015-11-21 10:26:01','2015-11-21 10:26:01'),(305,84,0,'would know',0,'2015-11-21 10:26:01','2015-11-21 10:26:01'),(306,84,0,'know',0,'2015-11-21 10:26:01','2015-11-21 10:26:01'),(307,84,0,'knew',1,'2015-11-21 10:26:01','2015-11-21 10:59:54'),(308,85,0,'will to',0,'2015-11-21 10:26:01','2015-11-21 10:26:01'),(309,85,0,'am going to',1,'2015-11-21 10:26:01','2015-11-21 10:59:54'),(310,85,0,'didn’t',0,'2015-11-21 10:26:01','2015-11-21 10:26:01'),(311,86,0,'in',0,'2015-11-21 10:26:01','2015-11-21 10:26:01'),(312,86,0,'to',0,'2015-11-21 10:26:01','2015-11-21 10:26:01'),(313,86,0,'into',1,'2015-11-21 10:26:01','2015-11-21 10:59:54'),(314,87,0,'gives',0,'2015-11-21 10:26:01','2015-11-21 10:26:01'),(315,87,0,'is given',1,'2015-11-21 10:26:01','2015-11-21 10:59:54'),(316,87,0,'has given',0,'2015-11-21 10:26:01','2015-11-21 10:26:01'),(317,88,0,'will like',0,'2015-11-21 10:26:01','2015-11-21 10:26:01'),(318,88,0,'would like',1,'2015-11-21 10:26:01','2015-11-21 10:59:54'),(319,88,0,'can',0,'2015-11-21 10:26:01','2015-11-21 10:26:01'),(320,89,0,'was swimming',0,'2015-11-21 10:26:01','2015-11-21 10:26:01'),(321,89,0,'had been swimming',1,'2015-11-21 10:26:01','2015-11-21 10:59:54'),(322,89,0,'swim',0,'2015-11-21 10:26:01','2015-11-21 10:26:01'),(323,90,0,'since',0,'2015-11-21 10:29:48','2015-11-21 10:29:48'),(324,90,0,'during',0,'2015-11-21 10:29:48','2015-11-21 10:29:48'),(325,90,0,'for',1,'2015-11-21 10:29:48','2015-11-21 10:59:54'),(326,91,0,'which',0,'2015-11-21 10:29:48','2015-11-21 10:29:48'),(327,91,0,'who',0,'2015-11-21 10:29:48','2015-11-21 10:29:48'),(328,91,0,'whose',1,'2015-11-21 10:29:48','2015-11-21 10:59:54'),(329,92,0,'them',0,'2015-11-21 10:29:48','2015-11-21 10:29:48'),(330,92,0,'theirselves',0,'2015-11-21 10:29:48','2015-11-21 10:29:48'),(331,92,0,'themselves',1,'2015-11-21 10:29:48','2015-11-21 10:59:54'),(332,93,0,'to introduce',0,'2015-11-21 10:29:48','2015-11-21 10:29:48'),(333,93,0,'introducing',1,'2015-11-21 10:29:48','2015-11-21 10:59:54'),(334,93,0,'to be introducing',0,'2015-11-21 10:29:48','2015-11-21 10:29:48'),(335,94,0,'she',0,'2015-11-21 10:29:48','2015-11-21 10:29:48'),(336,94,0,'he',0,'2015-11-21 10:29:48','2015-11-21 10:29:48'),(337,94,0,'it',1,'2015-11-21 10:29:48','2015-11-21 10:59:54'),(338,95,0,'was breaking, played',0,'2015-11-21 10:29:48','2015-11-21 10:29:48'),(339,95,0,'broke, was playing',1,'2015-11-21 10:29:48','2015-11-21 10:59:54'),(340,95,0,'breaks, is playing',0,'2015-11-21 10:29:48','2015-11-21 10:29:48'),(341,96,0,'whose',0,'2015-11-21 10:29:48','2015-11-21 10:29:48'),(342,96,0,'that',0,'2015-11-21 10:29:48','2015-11-21 10:29:48'),(343,96,0,'who',1,'2015-11-21 10:29:48','2015-11-21 10:59:54'),(344,96,0,'which',0,'2015-11-21 10:29:48','2015-11-21 10:29:48'),(345,97,0,'Will',0,'2015-11-21 10:31:34','2015-11-21 10:31:34'),(346,97,0,'Could',0,'2015-11-21 10:31:34','2015-11-21 10:31:34'),(347,97,0,'May',1,'2015-11-21 10:31:34','2015-11-21 10:59:54'),(348,98,0,'had stolen',0,'2015-11-21 10:31:34','2015-11-21 10:31:34'),(349,98,0,'have stolen',0,'2015-11-21 10:31:34','2015-11-21 10:31:34'),(350,98,0,'stole',1,'2015-11-21 10:31:34','2015-11-21 10:59:54'),(351,99,0,'could',0,'2015-11-21 10:31:34','2015-11-21 10:31:34'),(352,99,0,'managed to',1,'2015-11-21 10:31:34','2015-11-21 10:59:54'),(353,99,0,'can',0,'2015-11-21 10:31:34','2015-11-21 10:31:34');

/*Table structure for table `survey_questions` */

DROP TABLE IF EXISTS `survey_questions`;

CREATE TABLE `survey_questions` (
  `id` int(11) NOT NULL AUTO_INCREMENT,
  `survey_id` int(11) DEFAULT NULL,
  `text` varchar(255) DEFAULT NULL,
  `created_at` datetime DEFAULT NULL,
  `updated_at` datetime DEFAULT NULL,
  PRIMARY KEY (`id`)
) ENGINE=InnoDB AUTO_INCREMENT=100 DEFAULT CHARSET=utf8;

/*Data for the table `survey_questions` */

insert  into `survey_questions`(`id`,`survey_id`,`text`,`created_at`,`updated_at`) values (1,1,' He\'s ...... doctor of law.','2015-11-17 22:47:25','2015-11-17 22:47:25'),(2,1,' ..... she like chocolates?','2015-11-20 14:17:54','2015-11-20 14:17:54'),(3,1,'The student......papers.','2015-11-20 14:19:12','2015-11-20 14:19:12'),(4,1,'.... bag is that?','2015-11-20 14:20:19','2015-11-20 14:20:19'),(5,1,'..... tell her professor next time.','2015-11-20 14:23:19','2015-11-20 14:23:19'),(6,1,'He .... to see his mother yesterday.','2015-11-20 14:26:10','2015-11-20 14:26:10'),(7,1,' He .... very hard now.','2015-11-20 14:26:10','2015-11-20 14:26:10'),(8,1,'They have ..... beautiful books.','2015-11-20 14:27:34','2015-11-20 14:27:34'),(9,1,' She ....... for fifteen years and still likes the job.','2015-11-20 14:29:40','2015-11-20 14:29:40'),(10,1,'....... up! or we\'ll be late.','2015-11-20 14:29:40','2015-11-20 14:29:40'),(11,1,'Their grades are ..... than ours.','2015-11-20 14:42:37','2015-11-20 14:42:37'),(12,1,'Do you smoke? No, I.....','2015-11-20 14:42:37','2015-11-20 14:42:37'),(13,1,' Look what I ...... , a new watch.','2015-11-20 14:42:37','2015-11-20 14:42:37'),(14,1,'Excuse me, can I borrow ...... dictionary?','2015-11-20 14:42:37','2015-11-20 14:42:37'),(15,1,'The teacher is.......the room.','2015-11-20 14:42:37','2015-11-20 14:42:37'),(16,1,'He\'s been sent to.......prison.','2015-11-20 14:42:37','2015-11-20 14:42:37'),(17,1,' ...... you busy?','2015-11-20 14:42:37','2015-11-20 14:42:37'),(18,1,'They........ work everyday at 7 o\'clock.','2015-11-20 14:42:37','2015-11-20 14:42:37'),(19,1,'......... do you do?','2015-11-20 14:42:37','2015-11-20 14:42:37'),(20,1,'Look at the clouds, I think it.........','2015-11-20 14:42:37','2015-11-20 14:42:37'),(21,1,'I feel sick, I......too much cake earlier.','2015-11-20 14:48:32','2015-11-20 14:48:32'),(22,1,'Hey, turn the radio down, I.............to work','2015-11-20 15:10:09','2015-11-20 15:10:09'),(23,1,'Can I have......chocolate?','2015-11-20 15:10:09','2015-11-20 15:10:09'),(24,1,'...............phoned yet?','2015-11-20 15:10:09','2015-11-20 15:10:09'),(25,1,'........in the name of the law!','2015-11-20 15:10:09','2015-11-20 15:10:09'),(26,1,'He is the.......runner, he won nothing.','2015-11-20 15:10:09','2015-11-20 15:10:09'),(27,1,'\"Are you a student too?\" \"..........\"','2015-11-20 15:10:09','2015-11-20 15:10:09'),(28,1,'Excuse me,..............the time?','2015-11-20 15:10:09','2015-11-20 15:10:09'),(29,1,'The coats belong to ........ .','2015-11-20 15:10:09','2015-11-20 15:10:09'),(30,1,'We don\'t need the car, we\'ll go.......','2015-11-20 15:10:09','2015-11-20 15:10:09'),(31,1,' We have a car, . . ..Toyota','2015-11-20 15:10:09','2015-11-20 15:10:09'),(32,1,'............. to London before?','2015-11-20 15:10:09','2015-11-20 15:10:09'),(33,1,' In England the banks.......at 3.30 pm.','2015-11-20 15:10:09','2015-11-20 15:10:09'),(34,1,' ............. jacket is that? - Paul\'s.','2015-11-20 15:10:09','2015-11-20 15:10:09'),(35,1,'\"What are you doing next Monday?\"  \"I..........to New York, I have my ticket.\"','2015-11-20 15:31:04','2015-11-20 15:31:04'),(36,1,'Where . . . you use to work?','2015-11-20 15:31:04','2015-11-20 15:31:04'),(37,1,'Look there! The robbers ........ away.','2015-11-20 15:31:04','2015-11-20 15:31:04'),(38,1,'Please tell me ....... helpful.','2015-11-20 15:31:04','2015-11-20 15:31:04'),(39,1,'He looks angry. He .... his wallet.','2015-11-20 15:31:04','2015-11-20 15:31:04'),(40,1,'.......a move on! We haven\'t got all day.','2015-11-20 15:31:04','2015-11-20 15:31:04'),(41,1,' She is........... intelligent than him.','2015-11-20 15:31:04','2015-11-20 15:31:04'),(42,1,' \"Are you happy?\" - \"Yes, I ……….. \"','2015-11-20 15:31:04','2015-11-20 15:31:04'),(43,1,'Look, they.... a new house.','2015-11-20 15:31:05','2015-11-20 15:31:05'),(44,1,'\"Whose book is that?\" - \"It’s … \"','2015-11-20 15:31:05','2015-11-20 15:31:05'),(45,1,'I\'m meeting her ..... 4o\'clock ….. Monday','2015-11-20 15:31:05','2015-11-20 15:31:05'),(46,1,'....... you assist me later, sir?','2015-11-20 15:31:05','2015-11-20 15:31:05'),(47,1,'......you finish the project yesterday?','2015-11-20 15:31:05','2015-11-20 15:31:05'),(48,1,'When I was younger, I.........swim ten miles.','2015-11-20 15:31:05','2015-11-20 15:31:05'),(49,1,'He always drives too ..... .','2015-11-20 15:31:05','2015-11-20 15:31:05'),(50,1,'If I.........a million pounds, I would buy a house.','2015-11-20 15:31:05','2015-11-20 15:31:05'),(51,1,' It is May. \"In June I ........... finished my exams\".','2015-11-20 15:31:05','2015-11-20 15:31:05'),(52,1,' It\'s the fifteenth ...... March.','2015-11-20 15:39:23','2015-11-20 15:39:23'),(53,1,' The shoes..........in Italy.','2015-11-20 15:39:23','2015-11-20 15:39:23'),(54,1,'She said that he...........shopping.','2015-11-20 15:39:23','2015-11-20 15:39:23'),(55,1,' When I saw John last Sunday he was tired, he.........a party the night before.','2015-11-20 15:39:23','2015-11-20 15:39:23'),(56,1,'I have been working here......1990','2015-11-20 15:39:23','2015-11-20 15:39:23'),(57,1,' There is the woman........shot the president.','2015-11-20 15:39:23','2015-11-20 15:39:23'),(58,1,'Rosemary is a cousin of........','2015-11-20 15:39:23','2015-11-20 15:39:23'),(59,1,'......... is not just his sport, it\'s his hobby.','2015-11-20 15:39:23','2015-11-20 15:39:23'),(60,1,'Where shall we meet.........at the stadium?','2015-11-20 15:39:23','2015-11-20 15:39:23'),(61,1,'When the phone rang, she.........the meal.','2015-11-21 09:56:58','2015-11-21 09:56:58'),(62,1,'The only thing......matters is life.','2015-11-21 09:56:58','2015-11-21 09:56:58'),(63,1,'We......like to thank you for your application.','2015-11-21 09:56:58','2015-11-21 09:56:58'),(64,1,'The plane.......in at seven o\'clock last night.','2015-11-21 09:56:58','2015-11-21 09:56:58'),(65,1,'\". . ..you run ten miles?\" \"Yes, but I haven\'t for a long time.\"','2015-11-21 09:56:58','2015-11-21 09:56:58'),(66,1,'The President always works …………. .','2015-11-21 09:56:58','2015-11-21 09:56:58'),(67,1,'If it rains, you......take a taxi.','2015-11-21 09:56:58','2015-11-21 09:56:58'),(68,1,'This time next week, I........on the beach.','2015-11-21 09:56:58','2015-11-21 09:56:58'),(69,1,'He put the papers . . ..the drawer.','2015-11-21 09:56:58','2015-11-21 09:56:58'),(70,1,'On the News. \"The President.............shot.\"','2015-11-21 09:56:58','2015-11-21 09:56:58'),(71,1,'Then she said that I ......... her to stop seeing him.','2015-11-21 09:56:58','2015-11-21 09:56:58'),(72,1,' He told us that before visiting Jamaica he ........ the USA.','2015-11-21 09:56:58','2015-11-21 09:56:58'),(73,1,'How long have you worked here...?','2015-11-21 10:05:04','2015-11-21 10:05:04'),(74,1,'Have you seen the book.......I was reading?','2015-11-21 10:05:04','2015-11-21 10:05:04'),(75,1,'He is always thinking about........','2015-11-21 10:05:04','2015-11-21 10:05:04'),(76,1,' I can\'t help .......... her.','2015-11-21 10:05:04','2015-11-21 10:05:04'),(77,1,' She gets paid more than ......... .','2015-11-21 10:05:04','2015-11-21 10:05:04'),(78,1,'\"What........at seven o\'clock yesterday evening?\" \"I was watching T.V.\"','2015-11-21 10:05:04','2015-11-21 10:05:04'),(79,1,'.... he said made me very angry.','2015-11-21 10:05:04','2015-11-21 10:05:04'),(80,1,'\"You . . ..accompany us, sir,\" the policeman said.','2015-11-21 10:05:04','2015-11-21 10:05:04'),(81,1,'Shakespeare ………… many plays.','2015-11-21 10:26:01','2015-11-21 10:26:01'),(82,1,'You......have been here an hour ago. But you didn\'t show up.','2015-11-21 10:26:01','2015-11-21 10:26:01'),(83,1,'The Herald Tribune is a.......paper.','2015-11-21 10:26:01','2015-11-21 10:26:01'),(84,1,'I would tell you his name, if I ………… it.','2015-11-21 10:26:01','2015-11-21 10:26:01'),(85,1,'This year, my New Year\'s resolutions are that I .......... learn tennis, buy a car, sell my house etc.','2015-11-21 10:26:01','2015-11-21 10:26:01'),(86,1,'Could you translate this document ........ Latin?','2015-11-21 10:26:01','2015-11-21 10:26:01'),(87,1,'The winner.....a prize.','2015-11-21 10:26:01','2015-11-21 10:26:01'),(88,1,' I asked her if she ....... to marry me.','2015-11-21 10:26:01','2015-11-21 10:26:01'),(89,1,'After I ............... for a couple of hours, I decided to stop.','2015-11-21 10:26:01','2015-11-21 10:26:01'),(90,1,'He was studying at university ........ three years.','2015-11-21 10:29:48','2015-11-21 10:29:48'),(91,1,'A good architect is one ..... houses don\'t collapse.','2015-11-21 10:29:48','2015-11-21 10:29:48'),(92,1,'The street lights switch ………. on in the evening.','2015-11-21 10:29:48','2015-11-21 10:29:48'),(93,1,' He considered ....... himself to the board.','2015-11-21 10:29:48','2015-11-21 10:29:48'),(94,1,'Britain exports more than ………… imports','2015-11-21 10:29:48','2015-11-21 10:29:48'),(95,1,'He …… his leg while he ……. rugby.','2015-11-21 10:29:48','2015-11-21 10:29:48'),(96,1,'This is Mike Smith, ………… works with my friend.','2015-11-21 10:29:48','2015-11-21 10:29:48'),(97,1,' ....... I help you, sir?','2015-11-21 10:31:34','2015-11-21 10:31:34'),(98,1,'They........ the jewellery and walked out of the retail outlet as if they hadn\'t done anything.','2015-11-21 10:31:34','2015-11-21 10:31:34'),(99,1,' I ............ get up at six o\'clock this morning without much difficulty.','2015-11-21 10:31:34','2015-11-21 10:31:34');

/*Table structure for table `survey_surveys` */

DROP TABLE IF EXISTS `survey_surveys`;

CREATE TABLE `survey_surveys` (
  `id` int(11) NOT NULL AUTO_INCREMENT,
  `name` varchar(255) DEFAULT NULL,
  `description` text,
  `attempts_number` int(11) DEFAULT '0',
  `finished` tinyint(1) DEFAULT '0',
  `active` tinyint(1) DEFAULT '0',
  `created_at` datetime DEFAULT NULL,
  `updated_at` datetime DEFAULT NULL,
  PRIMARY KEY (`id`)
) ENGINE=InnoDB AUTO_INCREMENT=2 DEFAULT CHARSET=utf8;

/*Data for the table `survey_surveys` */

insert  into `survey_surveys`(`id`,`name`,`description`,`attempts_number`,`finished`,`active`,`created_at`,`updated_at`) values (1,'english test','english test',10000000,0,1,'2015-11-17 22:47:25','2015-11-17 22:47:25');

/*Table structure for table `teachers` */

DROP TABLE IF EXISTS `teachers`;

CREATE TABLE `teachers` (
  `id` int(11) NOT NULL AUTO_INCREMENT,
  `name` varchar(255) COLLATE utf8_unicode_ci NOT NULL DEFAULT '',
  `desc` text COLLATE utf8_unicode_ci NOT NULL,
  `is_in_school` tinyint(1) NOT NULL DEFAULT '1',
  `is_in_club` tinyint(1) NOT NULL DEFAULT '1',
  `created_at` datetime DEFAULT NULL,
  `updated_at` datetime DEFAULT NULL,
  `logo_file_name` varchar(255) COLLATE utf8_unicode_ci DEFAULT NULL,
  `logo_content_type` varchar(255) COLLATE utf8_unicode_ci DEFAULT NULL,
  `logo_file_size` int(11) DEFAULT NULL,
  `logo_updated_at` datetime DEFAULT NULL,
  PRIMARY KEY (`id`),
  KEY `index_teachers_on_is_in_school` (`is_in_school`),
  KEY `index_teachers_on_is_in_club` (`is_in_club`)
) ENGINE=InnoDB AUTO_INCREMENT=5 DEFAULT CHARSET=utf8 COLLATE=utf8_unicode_ci;

/*Data for the table `teachers` */

insert  into `teachers`(`id`,`name`,`desc`,`is_in_school`,`is_in_club`,`created_at`,`updated_at`,`logo_file_name`,`logo_content_type`,`logo_file_size`,`logo_updated_at`) values (1,'ergwergwregerwgrege','ergfergrewgre',1,1,'2015-11-09 21:40:05','2015-11-11 15:36:07','foto.jpg','image/jpeg',34156,'2015-11-11 15:36:07'),(2,'Надійка Микуляк','Я люблю дуже багато речей, люблю любити, люблю мир і спокій, дуже люблю співати. Англійська постійно навколо мене, це те, в чому я зростаю і за допомогою чого пізнаю світ з іншої перспективи. А викладаю англійську тому, що люблю ділитись тим, що знаю і що маю, люблю, коли інші можуть зазирнути в нові обрії та поринути в нові глибини.',1,1,'2015-11-09 21:43:37','2016-01-12 19:59:22','Nadia_photo.jpg','image/jpeg',32658,'2016-01-12 19:55:12'),(3,'Іванка Клименко','Люблю навчати англійської дорослих людей, які знають чого хочуть. Надихаюсь мандрівками та іншим якісним часом.',1,1,'2015-11-25 17:59:19','2015-11-25 18:01:30','rbmokWTmwQ0.jpg','image/jpeg',28987,'2015-11-25 18:01:30'),(4,'Ірина Дзвінник','Культуролог за освітою, викладач англійської мови за покликанням. \nЛюблю вільно-творчо-індвідуальний підхід та процес обміну ідеями.\nНадихає: література, кінокультура, юнгіанська психологія, цікаві місця та незвичайні люди (і навпаки).',1,1,'2016-01-12 20:02:04','2016-01-12 20:02:26','Ira_photo.jpg','image/jpeg',37189,'2016-01-12 20:02:26');

/*Table structure for table `translations` */

DROP TABLE IF EXISTS `translations`;

CREATE TABLE `translations` (
  `id` int(11) NOT NULL AUTO_INCREMENT,
  `locale` varchar(255) COLLATE utf8_unicode_ci DEFAULT NULL,
  `key` varchar(255) COLLATE utf8_unicode_ci DEFAULT NULL,
  `value` text COLLATE utf8_unicode_ci,
  `interpolations` text COLLATE utf8_unicode_ci,
  `is_proc` tinyint(1) DEFAULT '0',
  PRIMARY KEY (`id`)
) ENGINE=InnoDB AUTO_INCREMENT=507 DEFAULT CHARSET=utf8 COLLATE=utf8_unicode_ci;

/*Data for the table `translations` */

insert  into `translations`(`id`,`locale`,`key`,`value`,`interpolations`,`is_proc`) values (1,NULL,'ckeditor.page_title','CKEditor Завантаження файлів',NULL,0),(2,NULL,'ckeditor.confirm_delete','Видалити файл?',NULL,0),(3,NULL,'ckeditor.buttons.cancel','Відміна',NULL,0),(4,NULL,'ckeditor.buttons.upload','Завантажити',NULL,0),(5,NULL,'ckeditor.buttons.delete','Видалити',NULL,0),(6,NULL,'ckeditor.buttons.next','Показати більше',NULL,0),(7,NULL,'b1_admin.delete_media_confirm','Вы уверены что хотите фотографию?',NULL,0),(8,NULL,'b1_admin.contract_owners','Владельцы контрактов',NULL,0),(9,NULL,'b1_admin.provider_is_default','Провайдер по умолчанию',NULL,0),(10,NULL,'b1_admin.show_lang','Показывать язык',NULL,0),(11,NULL,'b1_admin.other_langs','Другие языки',NULL,0),(12,NULL,'b1_admin.contract','Договор',NULL,0),(13,NULL,'b1_admin.discount','Скидка',NULL,0),(14,NULL,'b1_admin.contract_type','Тип договора',NULL,0),(15,NULL,'b1_admin.contract_date','Дата договора',NULL,0),(16,NULL,'b1_admin.contract_types.on_request','По запросу',NULL,0),(17,NULL,'b1_admin.contract_types.quota','По квоте',NULL,0),(18,NULL,'b1_admin.contract_types.online','Online',NULL,0),(19,NULL,'b1_admin.lcc_name','Название организации',NULL,0),(20,NULL,'b1_admin.agent','Агент',NULL,0),(21,NULL,'b1_admin.common','ОБЩИЙ',NULL,0),(22,NULL,'b1_admin.session_id','ID сессии',NULL,0),(23,NULL,'b1_admin.log_system','Система',NULL,0),(24,NULL,'b1_admin.square','Площадь <sup>м2</sup>',NULL,0),(25,NULL,'b1_admin.smoking','Курение',NULL,0),(26,NULL,'b1_admin.paid','Платно',NULL,0),(27,NULL,'b1_admin.free','Бесплатно',NULL,0),(28,NULL,'b1_admin.childrens','Размещение детей',NULL,0),(29,NULL,'b1_admin.pets','Размещение животных',NULL,0),(30,NULL,'b1_admin.pets_pay_title','Платно?',NULL,0),(31,NULL,'b1_admin.pets_pay.free','Нет',NULL,0),(32,NULL,'b1_admin.pets_pay.paid','Да',NULL,0),(33,NULL,'b1_admin.pets_service._yes','Да',NULL,0),(34,NULL,'b1_admin.pets_service._no','Нет',NULL,0),(35,NULL,'b1_admin.pets_service._on_request','По запросу',NULL,0),(36,NULL,'b1_admin.hotel_internet_service','%{type}. %{place}. %{availability}',NULL,0),(37,NULL,'b1_admin.internet_service_not_available','%{not_exist}',NULL,0),(38,NULL,'b1_admin.internet_service.not_exist','Отсутсвует',NULL,0),(39,NULL,'b1_admin.internet_service.paid','Платно',NULL,0),(40,NULL,'b1_admin.internet_service.free','Бесплатно',NULL,0),(41,NULL,'b1_admin.hotel_breakfast_service','%{type}',NULL,0),(42,NULL,'b1_admin.breakfast_service.not_exist','Отсутсвует',NULL,0),(43,NULL,'b1_admin.breakfast_service.included','Включен',NULL,0),(44,NULL,'b1_admin.breakfast_service.on_request','По запросу',NULL,0),(45,NULL,'b1_admin.hotel_parking_service','%{type}. %{place}. %{availability}',NULL,0),(46,NULL,'b1_admin.parking_service_not_available','%{not_exist}',NULL,0),(47,NULL,'b1_admin.parking_service.not_exist','Отсутсвует',NULL,0),(48,NULL,'b1_admin.parking_service.paid','Платно',NULL,0),(49,NULL,'b1_admin.parking_service.free','Бесплатно',NULL,0),(50,NULL,'b1_admin.internet_places.all_terrytory','По всех территории',NULL,0),(51,NULL,'b1_admin.internet_places.public','В публичных местах',NULL,0),(52,NULL,'b1_admin.internet_places.some_rooms','В некоторых комнатах',NULL,0),(53,NULL,'b1_admin.internet_places.all_rooms','В комнатах',NULL,0),(54,NULL,'b1_admin.internet_type.wifi','WIFI',NULL,0),(55,NULL,'b1_admin.internet_type.lan','Проводной',NULL,0),(56,NULL,'b1_admin.parking','Паркинг',NULL,0),(57,NULL,'b1_admin.parking_price','Стоимость сутки(UAH)',NULL,0),(58,NULL,'b1_admin.parking_prebook_title','Под заказ?',NULL,0),(59,NULL,'b1_admin.parking_type_title','Тип парковки',NULL,0),(60,NULL,'b1_admin.parking_place_title','Размещение',NULL,0),(61,NULL,'b1_admin.parking_type.public','Общая',NULL,0),(62,NULL,'b1_admin.parking_type.private','Частная',NULL,0),(63,NULL,'b1_admin.parking_place.in','На территории',NULL,0),(64,NULL,'b1_admin.parking_place.out','За территорией',NULL,0),(65,NULL,'b1_admin.parking_prebook._yes','Да',NULL,0),(66,NULL,'b1_admin.parking_prebook._no','Нет',NULL,0),(67,NULL,'b1_admin.breakfast','Завтрак',NULL,0),(68,NULL,'b1_admin.breakfast_price','Стоимость (UAH)',NULL,0),(69,NULL,'b1_admin.show_as_popular','Отображать как популярное',NULL,0),(70,NULL,'b1_admin.g_map_url','Ссылка на гугл карту',NULL,0),(71,NULL,'b1_admin.continents','Континенты',NULL,0),(72,NULL,'b1_admin.continent_manage','Создание/редактирование континета',NULL,0),(73,NULL,'b1_admin.continent_list','Список континентов',NULL,0),(74,NULL,'b1_admin.countries','Страны',NULL,0),(75,NULL,'b1_admin.referrals_list','Список реферралов',NULL,0),(76,NULL,'b1_admin.flag_file_name','Флаг min 312×208',NULL,0),(77,NULL,'b1_admin.logo_file_name','Лого min 311×278',NULL,0),(78,NULL,'b1_admin.from','От',NULL,0),(79,NULL,'b1_admin.to','До',NULL,0),(80,NULL,'b1_admin.url','УРЛ',NULL,0),(81,NULL,'b1_admin.page_name','Страницы',NULL,0),(82,NULL,'b1_admin.agency','Агенция',NULL,0),(83,NULL,'b1_admin.statistic','Статистика',NULL,0),(84,NULL,'b1_admin.visitors','Посетители',NULL,0),(85,NULL,'b1_admin.searches','Поиски',NULL,0),(86,NULL,'b1_admin.search_string','Строка поиска',NULL,0),(87,NULL,'b1_admin.front_logs','Логи фронта',NULL,0),(88,NULL,'b1_admin.redirects','Переходы',NULL,0),(89,NULL,'b1_admin.from_meta','Заходы с партнерок',NULL,0),(90,NULL,'b1_admin.grafic','График',NULL,0),(91,NULL,'b1_admin.table','Таблица',NULL,0),(92,NULL,'b1_admin.otas','Агенты',NULL,0),(93,NULL,'b1_admin.marker','Маркер',NULL,0),(94,NULL,'b1_admin.data','Данные',NULL,0),(95,NULL,'b1_admin.time','Время',NULL,0),(96,NULL,'b1_admin.plane_manage','Создание/Редактирование самолета',NULL,0),(97,NULL,'b1_admin.site','Сайт',NULL,0),(98,NULL,'b1_admin.iata','IATA',NULL,0),(99,NULL,'b1_admin.icao','ICAO',NULL,0),(100,NULL,'b1_admin.city','Город',NULL,0),(101,NULL,'b1_admin.from_ref','Данные о реферрале',NULL,0),(102,NULL,'b1_admin.alians_list','Список альянсов',NULL,0),(103,NULL,'b1_admin.alianses','Альянсы',NULL,0),(104,NULL,'b1_admin.airoports','Аеропорты',NULL,0),(105,NULL,'b1_admin.alians_manage','Создание/Редактирование альяна',NULL,0),(106,NULL,'b1_admin.planes','Самолеты',NULL,0),(107,NULL,'b1_admin.plane_list','Список самолетов',NULL,0),(108,NULL,'b1_admin.alians','Алианс',NULL,0),(109,NULL,'b1_admin.delete_city_confirm','Точно хотите удалить город ',NULL,0),(110,NULL,'b1_admin.callsign','Позывной',NULL,0),(111,NULL,'b1_admin.airports','Аєропорты',NULL,0),(112,NULL,'b1_admin.airport_list','Список аєропортов',NULL,0),(113,NULL,'b1_admin.ota_manage','Создание/редактирование агента',NULL,0),(114,NULL,'b1_admin.airport_manage','Создание/редактирование аэропорта',NULL,0),(115,NULL,'b1_admin.otas_list','Список агентов',NULL,0),(116,NULL,'b1_admin.faq_cat_manage','Создание/редактирование категории',NULL,0),(117,NULL,'b1_admin.airoport_manage','Создание/редактирование аеропорта',NULL,0),(118,NULL,'b1_admin.country','Страна',NULL,0),(119,NULL,'b1_admin.show_on_search','Отображать при поиске',NULL,0),(120,NULL,'b1_admin.has_multy_search','Есть сложный поиск',NULL,0),(121,NULL,'b1_admin.api_url','API url',NULL,0),(122,NULL,'b1_admin.percents','Процент взятых предложений',NULL,0),(123,NULL,'b1_admin.loading','Загрузка',NULL,0),(124,NULL,'b1_admin.continent','Континент',NULL,0),(125,NULL,'b1_admin.period','Период',NULL,0),(126,NULL,'b1_admin.reset_filter','Сбросить',NULL,0),(127,NULL,'b1_admin.params','Параметры',NULL,0),(128,NULL,'b1_admin.cities','Города',NULL,0),(129,NULL,'b1_admin.city_list','Список городов',NULL,0),(130,NULL,'b1_admin.time_zone','Часовой пояс',NULL,0),(131,NULL,'b1_admin.city_manage','Создание/редактирование города',NULL,0),(132,NULL,'b1_admin.filter','Фильтр',NULL,0),(133,NULL,'b1_admin.ip','IP адресс',NULL,0),(134,NULL,'b1_admin.status','Статус',NULL,0),(135,NULL,'b1_admin.server','Сервер',NULL,0),(136,NULL,'b1_admin.do_filter','Фильтровать',NULL,0),(137,NULL,'b1_admin.type','Тип',NULL,0),(138,NULL,'b1_admin.more','Подробнее',NULL,0),(139,NULL,'b1_admin.show','Просмотреть',NULL,0),(140,NULL,'b1_admin.user','Пользователь',NULL,0),(141,NULL,'b1_admin.admin_logs','Логи админ панели',NULL,0),(142,NULL,'b1_admin.signins_count','Входов',NULL,0),(143,NULL,'b1_admin.admin_permissions','Возможности',NULL,0),(144,NULL,'b1_admin.admins_history','История действий',NULL,0),(145,NULL,'b1_admin.sended_messages','Отправленых сообщений',NULL,0),(146,NULL,'b1_admin.add_photo','Установить фото',NULL,0),(147,NULL,'b1_admin.password','Пароль',NULL,0),(148,NULL,'b1_admin.password_confirmation','Подтверждение пароля',NULL,0),(149,NULL,'b1_admin.companies','Авиакомпании',NULL,0),(150,NULL,'b1_admin.company_list','Список авиакомпаний',NULL,0),(151,NULL,'b1_admin._true','Да',NULL,0),(152,NULL,'b1_admin._false','Нет',NULL,0),(153,NULL,'b1_admin.code','Код',NULL,0),(154,NULL,'b1_admin.old_code','Старый код',NULL,0),(155,NULL,'b1_admin.currency','Валюта',NULL,0),(156,NULL,'b1_admin.created_at','Дата создания',NULL,0),(157,NULL,'b1_admin.active','Активен?',NULL,0),(158,NULL,'b1_admin.own','Собственный?',NULL,0),(159,NULL,'b1_admin.blocked','Заблокирован?',NULL,0),(160,NULL,'b1_admin.email','Email',NULL,0),(161,NULL,'b1_admin.phone','Телефон',NULL,0),(162,NULL,'b1_admin.position','Позиция',NULL,0),(163,NULL,'b1_admin.admins','Администраторы',NULL,0),(164,NULL,'b1_admin.admins_list','Список администраторов',NULL,0),(165,NULL,'b1_admin.country_list','Список стран',NULL,0),(166,NULL,'b1_admin.delete','Удалить',NULL,0),(167,NULL,'b1_admin.edit','Редактировать',NULL,0),(168,NULL,'b1_admin.choose_modules_and_permissions','Укажите к каким модулям имеет доступ роль,и какие права доступа в нем ей доступны',NULL,0),(169,NULL,'b1_admin.uncheck_all','Отключить все',NULL,0),(170,NULL,'b1_admin.check_all','Включить все',NULL,0),(171,NULL,'b1_admin.desc','Описание',NULL,0),(172,NULL,'b1_admin.token','Токен',NULL,0),(173,NULL,'b1_admin.id','Идентификатор',NULL,0),(174,NULL,'b1_admin.referrals','Реферралы',NULL,0),(175,NULL,'b1_admin.role_manage','Создание/редактирование роли доступа',NULL,0),(176,NULL,'b1_admin.country_manage','Создание/редактирование страны',NULL,0),(177,NULL,'b1_admin.admins_manage','Создание/редактирование администратора',NULL,0),(178,NULL,'b1_admin.provider_manage','Создание/редактирование провайдера',NULL,0),(179,NULL,'b1_admin.company_manage','Создание/редактирование авиакомпании',NULL,0),(180,NULL,'b1_admin.back_to_list','Вернуться к списку',NULL,0),(181,NULL,'b1_admin.roles_list','Список ролей доступа',NULL,0),(182,NULL,'b1_admin.info','Инфо',NULL,0),(183,NULL,'b1_admin.user_actions','Действия',NULL,0),(184,NULL,'b1_admin.roles','Роли Доступа',NULL,0),(185,NULL,'b1_admin.success_destroy','Запись успешно удалена, со всеми связаніми записями',NULL,0),(186,NULL,'b1_admin.delete_permission_confirm','Вы уверены что хотите удалить право доступа ',NULL,0),(187,NULL,'b1_admin.delete_role_confirm','Вы уверены что хотите Роль доступа ',NULL,0),(188,NULL,'b1_admin.delete_modules_confirm','Вы уверены что хотите модуль ',NULL,0),(189,NULL,'b1_admin.delete_admins_confirm','Вы уверены что хотите удалить администратора ',NULL,0),(190,NULL,'b1_admin.delete_country_confirm','Вы уверены что хотите удалить страну ',NULL,0),(191,NULL,'b1_admin.delete_continent_confirm','Вы уверены что хотите удалить континент ',NULL,0),(192,NULL,'b1_admin.delete_faqcat_confirm','Вы уверены что хотите удалить категорию',NULL,0),(193,NULL,'b1_admin.delete_faq_confirm','Вы уверены что хотите удалить статью ',NULL,0),(194,NULL,'b1_admin.delete_referral_confirm','Вы уверены что хотите удалить реферрала ',NULL,0),(195,NULL,'b1_admin.faq_list','Список страниц',NULL,0),(196,NULL,'b1_admin.seo_name','SEO',NULL,0),(197,NULL,'b1_admin.parent_cat','Категория родитель',NULL,0),(198,NULL,'b1_admin.faq_manage','Создание/редактирование страницы',NULL,0),(199,NULL,'b1_admin.category','Категория',NULL,0),(200,NULL,'b1_admin.OK','OK',NULL,0),(201,NULL,'b1_admin.cancel','Отмена',NULL,0),(202,NULL,'b1_admin.cancel_book','Отменить бронирование',NULL,0),(203,NULL,'b1_admin.cancel_book_text','Точно хотите отменить бронирование',NULL,0),(204,NULL,'b1_admin.module','Модуль',NULL,0),(205,NULL,'b1_admin.action','Действие',NULL,0),(206,NULL,'b1_admin.new_permission','Новый доступ',NULL,0),(207,NULL,'b1_admin.permissions','Права доступа',NULL,0),(208,NULL,'b1_admin.success','Успешно!',NULL,0),(209,NULL,'b1_admin.success_saved','Успешно сохранено',NULL,0),(210,NULL,'b1_admin.success_mail_sent','Письмо отправлено',NULL,0),(211,NULL,'b1_admin.fail_mail_sent','Не отправлен',NULL,0),(212,NULL,'b1_admin.save','Сохранить',NULL,0),(213,NULL,'b1_admin.next','Далее',NULL,0),(214,NULL,'b1_admin.is_parent','Нету(Это модуль родитель)',NULL,0),(215,NULL,'b1_admin.parent_controller','Модуль родитель',NULL,0),(216,NULL,'b1_admin.title','Название',NULL,0),(217,NULL,'b1_admin.ico','Класс иконки',NULL,0),(218,NULL,'b1_admin.controller','Контроллер',NULL,0),(219,NULL,'b1_admin.new_module','Новый модуль',NULL,0),(220,NULL,'b1_admin.update_positions','Обновить позиции',NULL,0),(221,NULL,'b1_admin.revert_positions','Сбросить позиции',NULL,0),(222,NULL,'b1_admin.add','Добавить',NULL,0),(223,NULL,'b1_admin.uncollapse','Развернуть все',NULL,0),(224,NULL,'b1_admin.collapse','Свернуть все',NULL,0),(225,NULL,'b1_admin.modules','Модули',NULL,0),(226,NULL,'b1_admin.view_details','Подробнее',NULL,0),(227,NULL,'b1_admin.server_status','Статус сервера',NULL,0),(228,NULL,'b1_admin.allowed_modules','Доступные модули',NULL,0),(229,NULL,'b1_admin.messages','Сообщения',NULL,0),(230,NULL,'b1_admin.profile','Профиль',NULL,0),(231,NULL,'b1_admin.languages.ru','Русский',NULL,0),(232,NULL,'b1_admin.languages.en','English',NULL,0),(233,NULL,'b1_admin.languages.uk','Украинский',NULL,0),(234,NULL,'b1_admin.languages.pl','Польский',NULL,0),(235,NULL,'b1_admin.error','Ошибка',NULL,0),(236,NULL,'b1_admin.admin','Admin',NULL,0),(237,NULL,'b1_admin.logout','Выйти',NULL,0),(238,NULL,'b1_admin.sign_in','Вход в административную панель',NULL,0),(239,NULL,'b1_admin.login_plc','Ваш email',NULL,0),(240,NULL,'b1_admin.password_plc','Пароль',NULL,0),(241,NULL,'b1_admin.remember_me','Запомнить меня',NULL,0),(242,NULL,'b1_admin.submit_login','Войти',NULL,0),(243,NULL,'b1_admin.forgot_pass','Забыли пароль?',NULL,0),(244,NULL,'b1_admin.errors.e_1','Невозможно загрузить файл конфигурации',NULL,0),(245,NULL,'b1_admin.errors.e_2','Конфигурация для %{meth} отсутсвует',NULL,0),(246,NULL,'b1_admin.errors.e_3','Конфигурация для окружения %{env} отсуствует',NULL,0),(247,NULL,'b1_admin.errors.e_4','Данный модуль является родителем, у него нету действий',NULL,0),(248,NULL,'b1_admin.errors.e_5','Параметр %{name} передан неверно: <%{param}>',NULL,0),(249,NULL,'b1_admin.errors.e_6','Параметр %{name} ожидался %{type}, был передан как %{is_type}',NULL,0),(250,NULL,'b1_admin.errors.e_7','%{text}',NULL,0),(251,NULL,'b1_admin.errors.e_8','Данный модуль <%{name}> являеться родителем и не имеет действий',NULL,0),(252,NULL,'b1_admin.statuses._1','Успешно',NULL,0),(253,NULL,'b1_admin.statuses._2','Предупреждение',NULL,0),(254,NULL,'b1_admin.statuses._3','Ошибка',NULL,0),(255,NULL,'b1_admin.statuses._4','Исключение',NULL,0),(256,NULL,'b1_admin.signed_in','Вы успешно авторизованы',NULL,0),(257,NULL,'b1_admin.signed_out','Вы успешно деавторизованы',NULL,0),(258,NULL,'b1_admin.last_signin','Время последней авторизации',NULL,0),(259,NULL,'b1_admin.admin_not_active','Вход запрещен',NULL,0),(260,NULL,'b1_admin.admin_not_found','Пользователь не найден',NULL,0),(261,NULL,'b1_admin.password_restored','Пароль восстановлен',NULL,0),(262,NULL,'b1_admin.admin_blocked','Пользователь заблокирован',NULL,0),(263,NULL,'b1_admin.admin_blocked_until',' до %s',NULL,0),(264,NULL,'b1_admin.wrong_password','Неверный пароль.',NULL,0),(265,NULL,'b1_admin.attempts_left',' Попыток до блокировки: %s',NULL,0),(266,NULL,'b1_admin.wrong_credentials','Неверный логин и/или пароль',NULL,0),(267,NULL,'b1_admin.no_access','У Вас нет доступа к этому действию',NULL,0),(268,NULL,'b1_admin.reset_pass','Восстановить пароль',NULL,0),(269,NULL,'b1_admin.back_to_login','Вернуться к авторизации',NULL,0),(270,NULL,'b1_admin.key','Ключ',NULL,0),(271,NULL,'b1_admin.providers','Провайдеры',NULL,0),(272,NULL,'b1_admin.providers_list','Список провайдеров',NULL,0),(273,NULL,'b1_admin.driver','Драйвер',NULL,0),(274,NULL,'b1_admin.delete_confirm','Вы уверены что хотите удалить данный елемент? ',NULL,0),(275,NULL,'b1_admin.hoteliers_list','Список отельеров',NULL,0),(276,NULL,'b1_admin.hoteliers','Отельеры',NULL,0),(277,NULL,'b1_admin.hotelier_manage','Создание/редактирование Отельера',NULL,0),(278,NULL,'b1_admin.beds_manage','Создание/редактирование кроватей',NULL,0),(279,NULL,'b1_admin.beds','Кровати',NULL,0),(280,NULL,'b1_admin.beds_list','Список кроватей',NULL,0),(281,NULL,'b1_admin.langs','Языки персонала',NULL,0),(282,NULL,'b1_admin.lang_manage','Создание/редактирование языка персонала',NULL,0),(283,NULL,'b1_admin.langs_list','Список языков',NULL,0),(284,NULL,'b1_admin.description','Описание',NULL,0),(285,NULL,'b1_admin.hotel_types','Типы отелей',NULL,0),(286,NULL,'b1_admin.hotel_type','Тип отеля',NULL,0),(287,NULL,'b1_admin.hotel_types_list','Список типов отелей',NULL,0),(288,NULL,'b1_admin.list','Список',NULL,0),(289,NULL,'b1_admin.manage','Создание/редактирование',NULL,0),(290,NULL,'b1_admin.hotel_services','Сервисы отеля',NULL,0),(291,NULL,'b1_admin.hotel_services_show_hotelier','Показывать отельеру?',NULL,0),(292,NULL,'b1_admin.hotel_service','Сервис отеля',NULL,0),(293,NULL,'b1_admin.features','Услуги сервисов отеля',NULL,0),(294,NULL,'b1_admin.logo','Лого',NULL,0),(295,NULL,'b1_admin.room_types','Типы номеров',NULL,0),(296,NULL,'b1_admin.room_type_names','Подтипы номеров',NULL,0),(297,NULL,'b1_admin.room_type','Тип номера',NULL,0),(298,NULL,'b1_admin.max_peoples','Макс человек',NULL,0),(299,NULL,'b1_admin.booking_manage','Создание/редактирование бронирования',NULL,0),(300,NULL,'b1_admin.delete_booking_confirm','Точно хотите удалить бронирование',NULL,0),(301,NULL,'emails.translates.guest_amount','%{count} гостей',NULL,0),(302,NULL,'emails.tags.domain','Домен агента',NULL,0),(303,NULL,'emails.tags.username','Имя пользователя',NULL,0),(304,NULL,'emails.tags.email','Електронная почта пользователя',NULL,0),(305,NULL,'emails.tags.phone','Телефон',NULL,0),(306,NULL,'emails.tags.group_name','Назва групи',NULL,0),(307,NULL,'emails.tags.group_date','Дата групи',NULL,0),(308,NULL,'emails.tags.vacancy_name','Назва вакансії',NULL,0),(309,NULL,'emails.tags.test_result_count','Результат тесту (в балах)',NULL,0),(310,NULL,'school.school_top_links.about.text','ПРО ШКОЛУ',NULL,0),(311,NULL,'school.school_top_links.about.offset','30',NULL,0),(312,NULL,'school.school_top_links.courses.text','ТЕМАТИЧНІ КУРСИ',NULL,0),(313,NULL,'school.school_top_links.courses.offset','70',NULL,0),(314,NULL,'school.school_top_links.calendar_block.text','КАЛЕНДАР',NULL,0),(315,NULL,'school.school_top_links.calendar_block.offset','45',NULL,0),(316,NULL,'school.school_top_links.teachers.text','ВИКЛАДАЧІ',NULL,0),(317,NULL,'school.school_top_links.teachers.offset','30',NULL,0),(318,NULL,'school.school_top_links.gallery.text','ГАЛЕРЕЯ',NULL,0),(319,NULL,'school.school_top_links.gallery.offset','30',NULL,0),(320,NULL,'school.club_top_links.about.text','ПРО КЛУБ',NULL,0),(321,NULL,'school.club_top_links.about.offset','30',NULL,0),(322,NULL,'school.club_top_links.courses.text','ТЕМАТИЧНІ ГРУПИ',NULL,0),(323,NULL,'school.club_top_links.courses.offset','70',NULL,0),(324,NULL,'school.club_top_links.calendar_block.text','КАЛЕНДАР',NULL,0),(325,NULL,'school.club_top_links.calendar_block.offset','45',NULL,0),(326,NULL,'school.club_top_links.teachers.text','ВИКЛАДАЧІ',NULL,0),(327,NULL,'school.club_top_links.teachers.offset','30',NULL,0),(328,NULL,'school.club_top_links.gallery.text','ГАЛЕРЕЯ',NULL,0),(329,NULL,'school.club_top_links.gallery.offset','30',NULL,0),(330,NULL,'school.call_subscribe_popup_header','Замовити зворотній дзвінок',NULL,0),(331,NULL,'school.choose_your_level','Ваш рівень англійської',NULL,0),(332,NULL,'school.date_group_plc','Оберіть дату та групу',NULL,0),(333,NULL,'school.levels.starter','starter',NULL,0),(334,NULL,'school.levels.elementary','elementary',NULL,0),(335,NULL,'school.levels.pre-intermediate','pre-intermediate',NULL,0),(336,NULL,'school.levels.intermediate','intermediate',NULL,0),(337,NULL,'school.levels.upper-intermediate','upper-intermediate',NULL,0),(338,NULL,'school.levels.advanced','advanced',NULL,0),(339,NULL,'school.subscribe_for_call','Замовити дзвінок',NULL,0),(340,NULL,'school.check_your_level','Визначити мій рівень англійської',NULL,0),(341,NULL,'school.vacancy_title_2','Якщо ви підходите на дану вакансію ми з радістю розглянемо Ваше резюме',NULL,0),(342,NULL,'school.fb_course_link','Ми тісніше спілкуємось у нашій групі на <a target=\"_blank\" href=\"%{link}\">Facebook</a>. Долучайтесь!',NULL,0),(343,NULL,'school.level_test','Тестування',NULL,0),(344,NULL,'school.test_completed','Дякуємо! Результати тесту ми надіслали Вам на e-mail. Якщо Ви хочете підвищити рівень англійської, ми з радістю допоможемо :)',NULL,0),(345,NULL,'school.complete_test','Завершити тест',NULL,0),(346,NULL,'school.level_test_desc','Цей тест допоможе визначити Ваш рівень англійської мови. Результати тесту Ви отримаєте на Ваш e-mail.',NULL,0),(347,NULL,'school.reviews','Відгуки',NULL,0),(348,NULL,'school.subscribe_for_lesson','записатись на заняття',NULL,0),(349,NULL,'school.all_groups','Всі групи',NULL,0),(350,NULL,'school.all_courses','Всі курси',NULL,0),(351,NULL,'school.choose_file','Вибрати файл',NULL,0),(352,NULL,'school.add_cv_file','завантажте файл з Вашим резюме',NULL,0),(353,NULL,'school.vavancy_subscribe_popup_header','ВКАЖІТЬ ВАШІ ДАНІ:',NULL,0),(354,NULL,'school.lesson_subscribe_popup_header','ВКАЖІТЬ ВАШІ ДАНІ ДЛЯ ЗАПИСУ НА ЗАНЯТТЯ:',NULL,0),(355,NULL,'school.email_plc','Ваш e-mail',NULL,0),(356,NULL,'school.name_plc','Ваше ім\'я',NULL,0),(357,NULL,'school.phone_plc','Ваш телефон',NULL,0),(358,NULL,'school.fields_wit_errors_text','<span>БУДЬТЕ УВАЖНІ!</span> Ви не заповнили всі поля',NULL,0),(359,NULL,'school.subscribe_for_news','ПІДПИШИСЬ на наші оновлення!',NULL,0),(360,NULL,'school.subscribe_for_vacancy','надiслати резюме',NULL,0),(361,NULL,'school.news_subscribe_popup_header','ВКАЖІТЬ ВАШІ ДАНІ ДЛЯ ПІДПИСКИ НА НОВИНИ:',NULL,0),(362,NULL,'school.follow_us','Слідкуй за нами в',NULL,0),(363,NULL,'school.finded_results','ЗНАЙДЕНО результатів %{count} ',NULL,0),(364,NULL,'school.learn_more','Дізнатись більше',NULL,0),(365,NULL,'school.blog','Блог',NULL,0),(366,NULL,'school.back_to_all_category','Повернутись до всіх записів %{title}',NULL,0),(367,NULL,'school.page_author','автор статті:',NULL,0),(368,NULL,'school.back_to_blog','До спику блогів',NULL,0),(369,NULL,'school.blog_simple_title','Вам також може сподобатись:',NULL,0),(370,NULL,'school.show_more','Показати більше',NULL,0),(371,NULL,'school.read_all','Дивитись усі',NULL,0),(372,NULL,'school.subscribe_for_news_btn','ПІДПИСАТИСЬ НА ОНОВЛЕННЯ',NULL,0),(373,NULL,'school.subscribe_for_news_label','Я хочу отримувати новини від SPEAK на скриньку',NULL,0),(374,NULL,'school.step_1','придбай абонемент',NULL,0),(375,NULL,'school.step_2','вибирай будь які заняття',NULL,0),(376,NULL,'school.step_3','реєструйся та приходь',NULL,0),(377,NULL,'school.step_1_alt','заняття в центрі міста',NULL,0),(378,NULL,'school.step_2_alt','акцент на розмовній англійській',NULL,0),(379,NULL,'school.step_3_alt','дружня атмосфера',NULL,0),(380,NULL,'school.step_4_alt','ефективні методи навчання',NULL,0),(381,NULL,'school.step_5_alt','енергійні відкриті викладачі',NULL,0),(382,NULL,'school.month_schedule','Переглянути розклад на місяць',NULL,0),(383,NULL,'school.reg_and_go','реєструйся і приходь.',NULL,0),(384,NULL,'school.calendar','Календар',NULL,0),(385,NULL,'school.first_free','ПЕРШЕ заняття БЕЗКОШТОВНЕ!',NULL,0),(386,NULL,'school.subscribe_to_earning','ЗАПИСАТИСЬ НА ЗАНЯТТЯ',NULL,0),(387,NULL,'school.choose_your_course','Обери заняття ТУТ!',NULL,0),(388,NULL,'school.easy_with_us','З нами дуже легко',NULL,0),(389,NULL,'school.pass_test','ПРОЙТИ ТЕСТ на визначення РІВНЯ МОВИ!',NULL,0),(390,NULL,'school.about_school','Про школу',NULL,0),(391,NULL,'school.about_club','Про клуб',NULL,0),(392,NULL,'school.call_back','замовити дзвінок',NULL,0),(393,NULL,'school.send_mail','написати листа',NULL,0),(394,NULL,'school.our_addresses','Наші адреси',NULL,0),(395,NULL,'school.our_partners','Наші партнери',NULL,0),(396,NULL,'school.partners_desc','У тематичних групах ти покращиш вимову, повправляєшся у викладенні думки, збільшиш словниковий<br> запас, осягнеш специфічну лексику, почерпнеш багато нового та пізнавального та відмінно проведеш час!',NULL,0),(397,NULL,'school.tematic_courses','ТЕМАТИЧНІ КУРСИ',NULL,0),(398,NULL,'school.tematic_groups','ТЕМАТИЧНІ ГРУПИ',NULL,0),(399,NULL,'school.choose_group','Обери группу',NULL,0),(400,NULL,'school.choose_course','Обери курс',NULL,0),(401,NULL,'school.send_mail_here','Пишіть нам сюди:',NULL,0),(402,NULL,'school.subscribe','підписатись на новини',NULL,0),(403,NULL,'school.our_contacts','Наші контакти:',NULL,0),(404,NULL,'school.vacancies','Наші ваканції:',NULL,0),(405,NULL,'school.galery','Фотогалерея',NULL,0),(406,NULL,'school.teachers','Викладачі',NULL,0),(407,NULL,'school.teachers_about','Наш мовний центр постійно розвивається і потребує нових викладачів, які вміють заохотити до навчання і добре знають свою справу. Натомість забезпечимо перебування в комфортній атмосфері, гідну та своєчасну оплату праці.',NULL,0),(408,NULL,'school.courses_desc','У ШКОЛІ АНГЛІЙСЬКОЇ МОВИ SPEAK МОЖНА ПРОХОДИТИ ЯК ЗАГАЛЬНИЙ КУРС АНГЛІЙСЬКОЇ МОВИ ВІДПОВІДНО ДО ВАШОГО РІВНЯ, ТАК І НАВЧАЛЬНІ ПРОГРАМИ ПО НАПРЯМКАХ',NULL,0),(409,NULL,'school.club_courses_desc','У клубі “Speak” діє сім тематичних груп, які можна обрати відповідно до своїх зацікавлень.<br> У тематичних групах ти покращиш вимову, повправляєшся у викладенні думки, збільшиш словниковий<br> запас, осягнеш специфічну лексику, почерпнеш багато нового та пізнавального та відмінно проведеш час!',NULL,0),(410,NULL,'school.payment_variant','Ви маєте можливість оплачувати за окреме заняття чи придбати абонемент на місяць<br> або на 4, 6, 8 будь-яких занять.',NULL,0),(411,NULL,'school.menu.school','Школа',NULL,0),(412,NULL,'school.menu.club','Клуб',NULL,0),(413,NULL,'school.menu.blog','Блог',NULL,0),(414,NULL,'school.menu.partners','Партнери',NULL,0),(415,NULL,'school.menu.contacts','Контакти',NULL,0),(416,NULL,'school.club_about_desc','<p>Розмовний клуб американської англійської “Speak” допомагає молодим людям досягати їхніх цілей в карєрі та особистому розвитку шляхом вдосконалення знань англійської мови.</p><p>Без практики англійську можна швидко забути. Тому, важливо не тільки вчити слова та дивитися фільми, а й спілкуватися. Для того щоб вільно розмовляти англійською потрібно постійно її практикувати та вдосконалювати, що і пропонує наш розмовний клуб.</p><p>До занять в клубі можна долучатись будь-коли. Важливо, щоб рівень англійської був Pre-Intermediate або вище.</p><p>Формат занять буває різний – у формі гри, дискусій, звичайних обговорень та міні-представлень.</p><p>Тривалість одного заняття від 1,5 до 2 години.</p><ul class=\"list\"><li>ми Весь час розмовляємо англійською мовою</li><li>Наші Заняття відбуваються в групах 5-8 людей</li><li>у нас є 7 тематичних груп на вибір</li></ul>',NULL,0),(417,NULL,'school.school_about_desc','<p class=\"slogan\">Наша особливість – наш підхід.</p><p>Для того, щоб повноцінно опанувати мову,  завчати слова чи дивитись серіали недостатньо. Важливо розвивати всі навички в комплексі. У “Speak” основний акцент - на розмовній англійській, у поєднанні з навчанням решта навичок.</p>',NULL,0),(418,NULL,'date.abbr_day_names','[\"нд.\", \"пн.\", \"вт.\", \"ср.\", \"чт.\", \"пт.\", \"сб.\"]',NULL,0),(419,NULL,'date.abbr_month_names','[nil, \"січ.\", \"лют.\", \"бер.\", \"квіт.\", \"трав.\", \"черв.\", \"лип.\", \"серп.\", \"вер.\", \"жовт.\", \"лист.\", \"груд.\"]',NULL,0),(420,NULL,'date.day_names','[\"неділя\", \"понеділок\", \"вівторок\", \"середа\", \"четвер\", \"п\'ятниця\", \"субота\"]',NULL,0),(421,NULL,'date.formats.default','%d.%m.%Y',NULL,0),(422,NULL,'date.formats.long','%d %B %Y',NULL,0),(423,NULL,'date.formats.short','%d %b',NULL,0),(424,NULL,'date.formats.blog','%d.%m.%Y',NULL,0),(425,NULL,'date.month_names','[nil, \"Січня\", \"Лютого\", \"Березня\", \"Квітня\", \"Травня\", \"Червня\", \"Липня\", \"Серпня\", \"Вересня\", \"Жовтня\", \"Листопада\", \"Грудня\"]',NULL,0),(426,NULL,'date.order','[:day, :month, :year]',NULL,0),(427,NULL,'datetime.distance_in_words.about_x_hours','{:few=>\"близько %{count} години\", :many=>\"близько %{count} годин\", :one=>\"близько %{count} година\", :other=>\"близько %{count} години\"}',NULL,0),(428,NULL,'datetime.distance_in_words.about_x_months','{:few=>\"близько %{count} місяців\", :many=>\"близько %{count} місяців\", :one=>\"близько %{count} місяця\", :other=>\"близько %{count} місяця\"}',NULL,0),(429,NULL,'datetime.distance_in_words.about_x_years','{:few=>\"близько %{count} років\", :many=>\"близько %{count} років\", :one=>\"близько %{count} року\", :other=>\"близько %{count} року\"}',NULL,0),(430,NULL,'datetime.distance_in_words.almost_x_years','{:few=>\"майже %{count} років\", :many=>\"майже %{count} років\", :one=>\"майже %{count} роки\", :other=>\"майже %{count} років\"}',NULL,0),(431,NULL,'datetime.distance_in_words.half_a_minute','півхвилини',NULL,0),(432,NULL,'datetime.distance_in_words.less_than_x_minutes','{:few=>\"менше %{count} хвилин\", :many=>\"менше %{count} хвилин\", :one=>\"менше %{count} хвилини\", :other=>\"менше %{count} хвилини\"}',NULL,0),(433,NULL,'datetime.distance_in_words.less_than_x_seconds','{:few=>\"менше %{count} секунд\", :many=>\"менше %{count} секунд\", :one=>\"менше %{count} секунди\", :other=>\"менше %{count} секунди\"}',NULL,0),(434,NULL,'datetime.distance_in_words.over_x_years','{:few=>\"більше %{count} років\", :many=>\"більше %{count} років\", :one=>\"більше %{count} року\", :other=>\"більше %{count} року\"}',NULL,0),(435,NULL,'datetime.distance_in_words.x_days','{:few=>\"%{count} дні\", :many=>\"%{count} днів\", :one=>\"%{count} день\", :other=>\"%{count} дня\"}',NULL,0),(436,NULL,'datetime.distance_in_words.x_minutes','{:few=>\"%{count} хвилини\", :many=>\"%{count} хвилин\", :one=>\"%{count} хвилина\", :other=>\"%{count} хвилини\"}',NULL,0),(437,NULL,'datetime.distance_in_words.x_months','{:few=>\"%{count} місяці\", :many=>\"%{count} місяців\", :one=>\"%{count} місяць\", :other=>\"%{count} місяця\"}',NULL,0),(438,NULL,'datetime.distance_in_words.x_seconds','{:few=>\"%{count} секунди\", :many=>\"%{count} секунд\", :one=>\"%{count} секунда\", :other=>\"%{count} секунди\"}',NULL,0),(439,NULL,'datetime.prompts.day','День',NULL,0),(440,NULL,'datetime.prompts.hour','Година',NULL,0),(441,NULL,'datetime.prompts.minute','Хвилина',NULL,0),(442,NULL,'datetime.prompts.month','Місяць',NULL,0),(443,NULL,'datetime.prompts.second','Секунда',NULL,0),(444,NULL,'datetime.prompts.year','Рік',NULL,0),(445,NULL,'errors.format','%{attribute} %{message}',NULL,0),(446,NULL,'errors.messages.accepted','має бути прийнятий',NULL,0),(447,NULL,'errors.messages.blank','не може бути пустим',NULL,0),(448,NULL,'errors.messages.confirmation','не збігається з підтвердженням',NULL,0),(449,NULL,'errors.messages.empty','не може бути порожнім',NULL,0),(450,NULL,'errors.messages.equal_to','має дорівнювати %{count}',NULL,0),(451,NULL,'errors.messages.even','має бути парним',NULL,0),(452,NULL,'errors.messages.exclusion','зарезервовано',NULL,0),(453,NULL,'errors.messages.greater_than','має бути більше ніж %{count}',NULL,0),(454,NULL,'errors.messages.greater_than_or_equal_to','має бути більше ніж або дорівнювати %{count}',NULL,0),(455,NULL,'errors.messages.inclusion','не включено до переліку',NULL,0),(456,NULL,'errors.messages.invalid','недійсний',NULL,0),(457,NULL,'errors.messages.less_than','має бути менше ніж %{count}',NULL,0),(458,NULL,'errors.messages.less_than_or_equal_to','має бути менше ніж або дорівнювати %{count}',NULL,0),(459,NULL,'errors.messages.not_a_number','не число',NULL,0),(460,NULL,'errors.messages.not_an_integer','не э цілим числом',NULL,0),(461,NULL,'errors.messages.odd','має бути непарним',NULL,0),(462,NULL,'errors.messages.record_invalid','Виникли помилки: %{errors}',NULL,0),(463,NULL,'errors.messages.taken','вже зайнятий',NULL,0),(464,NULL,'errors.messages.too_long','{:few=>\"занадто довгий (максимум %{count} знаки)\", :many=>\"занадто довгий (максимум %{count} знаків)\", :one=>\"занадто довгий (максимум %{count} знак)\", :other=>\"занадто довгий (максимум %{count} знаку)\"}',NULL,0),(465,NULL,'errors.messages.too_short','{:few=>\"занадто короткий (мінімум %{count} знаки)\", :many=>\"занадто короткий (мінімум %{count} знаків)\", :one=>\"занадто короткий (мінімум %{count} знак)\", :other=>\"занадто короткий (мінімум %{count} знаку)\"}',NULL,0),(466,NULL,'errors.messages.wrong_length','{:few=>\"неправильна довжина (має бути %{count} знаки)\", :many=>\"неправильна довжина (має бути %{count} знаків)\", :one=>\"неправильна довжина (має бути %{count} знак)\", :other=>\"неправильна довжина (має бути %{count} знаку)\"}',NULL,0),(467,NULL,'errors.template.body','Помилки виявлено в таких полях:',NULL,0),(468,NULL,'errors.template.header','{:few=>\"%{model} не збережено через %{count} помилки\", :many=>\"%{model} не збережено через %{count} помилок\", :one=>\"%{model} не збережено через %{count} помилку\", :other=>\"%{model} не збережено через %{count} помилки\"}',NULL,0),(469,NULL,'helpers.select.prompt','Оберіть: ',NULL,0),(470,NULL,'helpers.submit.create','Створити %{model}',NULL,0),(471,NULL,'helpers.submit.submit','Зберегти %{model}',NULL,0),(472,NULL,'helpers.submit.update','Зберегти %{model}',NULL,0),(473,NULL,'number.currency.format.format','%n %u',NULL,0),(474,NULL,'number.currency.format.precision','2',NULL,0),(475,NULL,'number.currency.format.separator',',',NULL,0),(476,NULL,'number.currency.format.significant','f',NULL,0),(477,NULL,'number.currency.format.strip_insignificant_zeros','f',NULL,0),(478,NULL,'number.currency.format.unit','грн.',NULL,0),(479,NULL,'number.format.precision','3',NULL,0),(480,NULL,'number.format.separator',',',NULL,0),(481,NULL,'number.format.significant','f',NULL,0),(482,NULL,'number.format.strip_insignificant_zeros','f',NULL,0),(483,NULL,'number.human.decimal_units.format','%n %u',NULL,0),(484,NULL,'number.human.decimal_units.units.billion','{:few=>\"Мільярдів\", :many=>\"Мільярдів\", :one=>\"Мільярд\", :other=>\"Мільярдів\"}',NULL,0),(485,NULL,'number.human.decimal_units.units.million','{:few=>\"Мільйонів\", :many=>\"Мільйонів\", :one=>\"Мільйон\", :other=>\"Мільйонів\"}',NULL,0),(486,NULL,'number.human.decimal_units.units.quadrillion','{:few=>\"Квадрильйонів\", :many=>\"Квадрильйонів\", :one=>\"Кквадрильйон\", :other=>\"Квадрильйонів\"}',NULL,0),(487,NULL,'number.human.decimal_units.units.thousand','{:few=>\"Тисяч\", :many=>\"Тисяч\", :one=>\"Тисяча\", :other=>\"Тисяч\"}',NULL,0),(488,NULL,'number.human.decimal_units.units.trillion','{:few=>\"Трильйонів\", :many=>\"Трильйонів\", :one=>\"Трильйон\", :other=>\"Трильйонів\"}',NULL,0),(489,NULL,'number.human.format.precision','1',NULL,0),(490,NULL,'number.human.format.significant','f',NULL,0),(491,NULL,'number.human.format.strip_insignificant_zeros','f',NULL,0),(492,NULL,'number.human.storage_units.format','%n %u',NULL,0),(493,NULL,'number.human.storage_units.units.byte','{:few=>\"байти\", :many=>\"байтів\", :one=>\"байт\", :other=>\"байту\"}',NULL,0),(494,NULL,'number.human.storage_units.units.gb','ГБ',NULL,0),(495,NULL,'number.human.storage_units.units.kb','кБ',NULL,0),(496,NULL,'number.human.storage_units.units.mb','МБ',NULL,0),(497,NULL,'number.human.storage_units.units.tb','ТБ',NULL,0),(498,NULL,'support.array.last_word_connector',' та ',NULL,0),(499,NULL,'support.array.two_words_connector',' і ',NULL,0),(500,NULL,'support.array.words_connector',', ',NULL,0),(501,NULL,'time.am','до полудня',NULL,0),(502,NULL,'time.formats.blog','%d.%m.%Y',NULL,0),(503,NULL,'time.formats.default','%a, %d %b %Y, %H:%M:%S %z',NULL,0),(504,NULL,'time.formats.long','%d %B %Y, %H:%M',NULL,0),(505,NULL,'time.formats.short','%d %b, %H:%M',NULL,0),(506,NULL,'time.pm','по полудні',NULL,0);

/*Table structure for table `upload_images` */

DROP TABLE IF EXISTS `upload_images`;

CREATE TABLE `upload_images` (
  `id` int(11) NOT NULL AUTO_INCREMENT,
  `created_at` datetime NOT NULL,
  `updated_at` datetime NOT NULL,
  `file_file_name` varchar(255) COLLATE utf8_unicode_ci DEFAULT NULL,
  `file_content_type` varchar(255) COLLATE utf8_unicode_ci DEFAULT NULL,
  `file_file_size` int(11) DEFAULT NULL,
  `file_updated_at` datetime DEFAULT NULL,
  PRIMARY KEY (`id`)
) ENGINE=InnoDB AUTO_INCREMENT=6 DEFAULT CHARSET=utf8 COLLATE=utf8_unicode_ci;

/*Data for the table `upload_images` */

insert  into `upload_images`(`id`,`created_at`,`updated_at`,`file_file_name`,`file_content_type`,`file_file_size`,`file_updated_at`) values (1,'2015-11-10 18:51:21','2015-11-10 18:51:21','GtHjabb.png','image/png',526679,'2015-11-10 18:51:20'),(2,'2015-11-10 18:54:40','2015-11-10 18:54:40','вендетта.jpg','image/jpeg',19381,'2015-11-10 18:54:40'),(3,'2015-11-11 15:38:47','2015-11-11 15:38:47','partner.jpg','image/jpeg',35701,'2015-11-11 15:38:47'),(4,'2015-12-07 19:19:37','2015-12-07 19:19:37','they-say-good-things-come-to-those-who-wait-so-im-going-to-be-about-an-hour-late-quote-1.jpg','image/jpeg',25784,'2015-12-07 19:19:36'),(5,'2015-12-07 19:30:48','2015-12-07 19:30:48','they-say-good-things-come-to-those-who-wait-so-im-going-to-be-about-an-hour-late-quote-1.jpg','image/jpeg',25784,'2015-12-07 19:30:47');

/*Table structure for table `users` */

DROP TABLE IF EXISTS `users`;

CREATE TABLE `users` (
  `id` int(11) NOT NULL AUTO_INCREMENT,
  `email` varchar(255) DEFAULT NULL,
  `name` varchar(255) DEFAULT NULL,
  PRIMARY KEY (`id`)
) ENGINE=InnoDB AUTO_INCREMENT=18 DEFAULT CHARSET=utf8;

/*Data for the table `users` */

insert  into `users`(`id`,`email`,`name`) values (1,NULL,NULL),(2,NULL,NULL),(3,NULL,NULL),(4,NULL,NULL),(5,NULL,NULL),(6,NULL,NULL),(7,NULL,NULL),(8,NULL,NULL),(9,NULL,NULL),(10,NULL,NULL),(11,NULL,NULL),(12,NULL,NULL),(13,NULL,NULL),(14,NULL,NULL),(15,NULL,NULL),(16,NULL,NULL),(17,NULL,NULL);

/*Table structure for table `vacancies` */

DROP TABLE IF EXISTS `vacancies`;

CREATE TABLE `vacancies` (
  `id` int(11) NOT NULL AUTO_INCREMENT,
  `name` varchar(255) COLLATE utf8_unicode_ci NOT NULL DEFAULT '',
  `desc` text COLLATE utf8_unicode_ci NOT NULL,
  `active` tinyint(1) NOT NULL DEFAULT '1',
  `created_at` datetime DEFAULT NULL,
  `updated_at` datetime DEFAULT NULL,
  PRIMARY KEY (`id`)
) ENGINE=InnoDB AUTO_INCREMENT=4 DEFAULT CHARSET=utf8 COLLATE=utf8_unicode_ci;

/*Data for the table `vacancies` */

insert  into `vacancies`(`id`,`name`,`desc`,`active`,`created_at`,`updated_at`) values (1,'ВИКЛАДАЧ АНГЛІЙСЬКОЇ МОВИ','уцкпуцкпуцкпцкупцкупку',0,'2015-11-10 09:15:43','2015-11-25 18:20:38'),(2,'ОФІС МЕНЕДЖЕР','Шукаємо молоду активну людину на посаду офіс-менеджера. Зайнятість на пів дня. Організаційні навички вітаються.',1,'2015-11-10 09:16:31','2016-01-12 21:04:17'),(3,'ВИКЛАДАЧ АНГЛІЙСЬКОЇ МОВИ','Потребуємо молодих активних людей, які мають досвід проживання в англомовних країнах і вміють навчати інших.',1,'2015-11-25 18:20:25','2015-11-25 18:20:25');

/*Table structure for table `versions` */

DROP TABLE IF EXISTS `versions`;

CREATE TABLE `versions` (
  `id` int(11) NOT NULL AUTO_INCREMENT,
  `item_type` varchar(255) COLLATE utf8_unicode_ci NOT NULL,
  `item_id` int(11) NOT NULL,
  `event` varchar(255) COLLATE utf8_unicode_ci NOT NULL,
  `whodunnit` varchar(255) COLLATE utf8_unicode_ci DEFAULT NULL,
  `object` text COLLATE utf8_unicode_ci,
  `created_at` datetime DEFAULT NULL,
  `object_changes` text COLLATE utf8_unicode_ci,
  PRIMARY KEY (`id`),
  KEY `index_versions_on_item_type_and_item_id` (`item_type`,`item_id`) USING BTREE
) ENGINE=InnoDB AUTO_INCREMENT=28 DEFAULT CHARSET=utf8 COLLATE=utf8_unicode_ci;

/*Data for the table `versions` */

insert  into `versions`(`id`,`item_type`,`item_id`,`event`,`whodunnit`,`object`,`created_at`,`object_changes`) values (1,'Page',1,'update','1','---\nid: 1\ncategory_id: 1\nseo_name: wefqwef\ndesc: \'<p>wqefwqefweqfweqfwefwefwefw<img src=\"/system/upload_images/2/original.png?1447181680\"\n  style=\"width: 300px;\"></p>\'\nanons: wqefqwefwqefwqe\ntitle: wefqwef\nactive: \'1\'\nauthor: 0\ncreated_at: 2015-11-10 18:54:45.000000000 Z\nupdated_at: 2015-11-10 18:54:45.000000000 Z\nposition: \n','2015-11-10 18:57:29','---\ndesc:\n- \'<p>wqefwqefweqfweqfwefwefwefw<img src=\"/system/upload_images/2/original.png?1447181680\"\n  style=\"width: 300px;\"></p>\'\n- \'<p>wqefwqefweqfweqfwefwefwefw<img src=\"/system/upload_images/2/original.png?1447181680\"\n  style=\"width: 300px;\">цйупкупкупу</p>\'\nupdated_at:\n- 2015-11-10 18:54:45.000000000 Z\n- 2015-11-10 18:57:29.644593877 Z\n'),(2,'Page',1,'update','1','---\nid: 1\nlogo_file_name: \ncategory_id: 1\nseo_name: wefqwef\ndesc: \'<p>wqefwqefweqfweqfwefwefwefw<img src=\"/system/upload_images/2/original.png?1447181680\"\n  style=\"width: 300px;\">цйупкупкупу</p>\'\nanons: wqefqwefwqefwqe\ntitle: wefqwef\nactive: \'1\'\nauthor: 0\ncreated_at: 2015-11-10 18:54:45.000000000 Z\nupdated_at: 2015-11-10 18:57:29.000000000 Z\nposition: \nlogo_content_type: \nlogo_file_size: \nlogo_updated_at: \n','2015-11-10 19:37:35','---\nlogo_file_name:\n- \n- IMG_2668.jpg\nlogo_content_type:\n- \n- image/jpeg\nlogo_file_size:\n- \n- 377122\nlogo_updated_at:\n- \n- 2015-11-10 19:37:35.361340375 Z\nupdated_at:\n- 2015-11-10 18:57:29.000000000 Z\n- 2015-11-10 19:37:35.520812077 Z\n'),(3,'Page',2,'update','1','---\nid: 2\nlogo_file_name: \ncategory_id: 1\nseo_name: fqwefeqr\ndesc: regwergwergwergwregregre\nanons: ergegwregewrg\ntitle: fqwefeqr\nactive: \'1\'\nauthor: 0\ncreated_at: 2015-11-10 18:56:02.000000000 Z\nupdated_at: 2015-11-10 18:56:02.000000000 Z\nposition: \nlogo_content_type: \nlogo_file_size: \nlogo_updated_at: \n','2015-11-10 19:37:52','---\nlogo_file_name:\n- \n- \"ппп_-_1.jpg\"\nlogo_content_type:\n- \n- image/jpeg\nlogo_file_size:\n- \n- 18204\nlogo_updated_at:\n- \n- 2015-11-10 19:37:52.768491902 Z\nupdated_at:\n- 2015-11-10 18:56:02.000000000 Z\n- 2015-11-10 19:37:52.892359386 Z\n'),(4,'Page',2,'update','1','---\nid: 2\nlogo_file_name: \"ппп_-_1.jpg\"\ncategory_id: 1\nseo_name: fqwefeqr\ndesc: regwergwergwergwregregre\nanons: ergegwregewrg\ntitle: fqwefeqr\nactive: \'1\'\nauthor: 0\ncreated_at: 2015-11-10 18:56:02.000000000 Z\nupdated_at: 2015-11-10 19:37:52.000000000 Z\nposition: \nlogo_content_type: image/jpeg\nlogo_file_size: 18204\nlogo_updated_at: 2015-11-10 19:37:52.000000000 Z\n','2015-11-10 20:21:17','---\nlogo_file_name:\n- \"ппп_-_1.jpg\"\n- GtHjabb.png\nlogo_content_type:\n- image/jpeg\n- image/png\nlogo_file_size:\n- 18204\n- 526679\nlogo_updated_at:\n- 2015-11-10 19:37:52.000000000 Z\n- 2015-11-10 20:21:16.609407698 Z\nupdated_at:\n- 2015-11-10 19:37:52.000000000 Z\n- 2015-11-10 20:21:17.089355240 Z\n'),(5,'Page',1,'update','1','---\nid: 1\nlogo_file_name: IMG_2668.jpg\ncategory_id: 1\nseo_name: wefqwef\ndesc: \'<p>wqefwqefweqfweqfwefwefwefw<img src=\"/system/upload_images/2/original.png?1447181680\"\n  style=\"width: 300px;\">цйупкупкупу</p>\'\nanons: wqefqwefwqefwqe\ntitle: wefqwef\nactive: \'1\'\nauthor: 0\ncreated_at: 2015-11-10 18:54:45.000000000 Z\nupdated_at: 2015-11-10 19:37:35.000000000 Z\nposition: \nlogo_content_type: image/jpeg\nlogo_file_size: 377122\nlogo_updated_at: 2015-11-10 19:37:35.000000000 Z\n','2015-11-10 20:21:26','---\nlogo_updated_at:\n- 2015-11-10 19:37:35.000000000 Z\n- 2015-11-10 20:21:25.930217489 Z\nlogo_file_name:\n- IMG_2668.jpg\n- IMG_2668.jpg\nupdated_at:\n- 2015-11-10 19:37:35.000000000 Z\n- 2015-11-10 20:21:26.166552842 Z\n'),(6,'Page',1,'update','1','---\nid: 1\ncategory_id: 1\nseo_name: wefqwef\ndesc: \'<p>wqefwqefweqfweqfwefwefwefw<img src=\"/system/upload_images/2/original.png?1447181680\"\n  style=\"width: 300px;\">цйупкупкупу</p>\'\nanons: wqefqwefwqefwqe\ntitle: wefqwef\nactive: \'1\'\nauthor: 0\ncreated_at: 2015-11-10 18:54:45.000000000 Z\nupdated_at: 2015-11-10 20:21:26.000000000 Z\nposition: \nlogo_file_name: IMG_2668.jpg\nlogo_content_type: image/jpeg\nlogo_file_size: 377122\nlogo_updated_at: 2015-11-10 20:21:25.000000000 Z\n','2015-11-10 20:23:12','---\nauthor:\n- 0\n- 0\nupdated_at:\n- 2015-11-10 20:21:26.000000000 Z\n- 2015-11-10 20:23:12.300207202 Z\n'),(7,'Page',1,'update','1','---\nid: 1\ncategory_id: 1\nseo_name: wefqwef\ndesc: \'<p>wqefwqefweqfweqfwefwefwefw<img src=\"/system/upload_images/2/original.png?1447181680\"\n  style=\"width: 300px;\">цйупкупкупу</p>\'\nanons: wqefqwefwqefwqe\ntitle: wefqwef\nactive: \'1\'\nauthor: \'0\'\ncreated_at: 2015-11-10 18:54:45.000000000 Z\nupdated_at: 2015-11-10 20:23:12.000000000 Z\nposition: \nlogo_file_name: IMG_2668.jpg\nlogo_content_type: image/jpeg\nlogo_file_size: 377122\nlogo_updated_at: 2015-11-10 20:21:25.000000000 Z\n','2015-11-10 20:24:42','---\nauthor:\n- \'0\'\n- ergewgewrgerge\nupdated_at:\n- 2015-11-10 20:23:12.000000000 Z\n- 2015-11-10 20:24:42.288067237 Z\n'),(8,'Page',1,'update','1','---\nid: 1\nlogo_file_name: IMG_2668.jpg\ncategory_id: 1\nseo_name: wefqwef\ndesc: \'<p>wqefwqefweqfweqfwefwefwefw<img src=\"/system/upload_images/2/original.png?1447181680\"\n  style=\"width: 300px;\">цйупкупкупу</p>\'\nanons: wqefqwefwqefwqe\ntitle: wefqwef\nactive: \'1\'\nauthor: ergewgewrgerge\ncreated_at: 2015-11-10 18:54:45.000000000 Z\nupdated_at: 2015-11-10 20:24:42.000000000 Z\nposition: \nlogo_content_type: image/jpeg\nlogo_file_size: 377122\nlogo_updated_at: 2015-11-10 20:21:25.000000000 Z\n','2015-11-11 15:38:06','---\nlogo_file_name:\n- IMG_2668.jpg\n- photo.jpg\nlogo_file_size:\n- 377122\n- 67362\nlogo_updated_at:\n- 2015-11-10 20:21:25.000000000 Z\n- 2015-11-11 15:38:05.656335663 Z\nupdated_at:\n- 2015-11-10 20:24:42.000000000 Z\n- 2015-11-11 15:38:06.026369983 Z\n'),(9,'Page',2,'update','1','---\nid: 2\nlogo_file_name: GtHjabb.png\ncategory_id: 1\nseo_name: fqwefeqr\ndesc: regwergwergwergwregregre\nanons: ergegwregewrg\ntitle: fqwefeqr\nactive: \'1\'\nauthor: \'0\'\ncreated_at: 2015-11-10 18:56:02.000000000 Z\nupdated_at: 2015-11-10 20:21:17.000000000 Z\nposition: \nlogo_content_type: image/png\nlogo_file_size: 526679\nlogo_updated_at: 2015-11-10 20:21:16.000000000 Z\n','2015-11-11 15:38:19','---\nlogo_file_name:\n- GtHjabb.png\n- photo.jpg\nlogo_content_type:\n- image/png\n- image/jpeg\nlogo_file_size:\n- 526679\n- 67362\nlogo_updated_at:\n- 2015-11-10 20:21:16.000000000 Z\n- 2015-11-11 15:38:18.764643047 Z\nupdated_at:\n- 2015-11-10 20:21:17.000000000 Z\n- 2015-11-11 15:38:19.173947727 Z\n'),(10,'Page',3,'update','1','---\nid: 3\nlogo_file_name: \ncategory_id: 1\nseo_name: wefwqef\ndesc: \'<p><img style=\"width: 291px;\" src=\"/system/upload_images/3/original.png?1447256327\">wefw&nbsp;<span\n  style=\"line-height: 17.1429px;\">qwefwefqwefqwe wefwqfwqefwqefwqfwq fwqewqfqwfwq\n  wqqw fevwevf wd we e e</span><span style=\"line-height: 17.1429px;\">qwefwefqwefqwe\n  wefwqfwqefwqefwqfwq fwqewqfqwfwq wqqw fevwevf wd we e e</span></p><p><span style=\"line-height:\n  17.1429px;\"><br></span></p><p><span style=\"line-height: 17.1429px;\"><br></span></p><p><span\n  style=\"line-height: 17.1429px;\"><br></span></p><p><span style=\"line-height: 17.1429px;\"><br></span></p><p><span\n  style=\"line-height: 17.1429px;\"><br></span></p><p><span style=\"line-height: 17.1429px;\"><br></span></p><p><span\n  style=\"line-height: 17.1429px;\"><br></span></p><p><span style=\"line-height: 17.1429px;\"><br></span></p><p><span\n  style=\"line-height: 17.1429px;\"><br></span></p><p><span style=\"line-height: 17.1429px;\"><br></span></p><p><span\n  style=\"line-height: 17.1429px;\"><br></span></p>\'\nanons: qwefwefqwefqwe wefwqfwqefwqefwqfwq fwqewqfqwfwq wqqw fevwevf wd we e e qwefwefqwefqwe\n  wefwqfwqefwqefwqfwq fwqewqfqwfwq wqqw fevwevf wd we e e\ntitle: wefwqef\nactive: \'1\'\nauthor: weqfwqefwef\ncreated_at: 2015-11-11 15:38:53.000000000 Z\nupdated_at: 2015-11-11 15:38:53.000000000 Z\nposition: \nlogo_content_type: \nlogo_file_size: \nlogo_updated_at: \n','2015-11-11 15:39:26','---\nlogo_file_name:\n- \n- slide-3.jpg\nlogo_content_type:\n- \n- image/jpeg\nlogo_file_size:\n- \n- 23959\nlogo_updated_at:\n- \n- 2015-11-11 15:39:25.925139343 Z\nupdated_at:\n- 2015-11-11 15:38:53.000000000 Z\n- 2015-11-11 15:39:26.100605636 Z\n'),(11,'Page',4,'update','1','---\nid: 4\nlogo_file_name: \ncategory_id: 3\nseo_name: tsuatsua\ndesc: цуацуцу\nanons: цуацйуацуацуауц\ntitle: цуацуа\nactive: \'1\'\nauthor: цуацуйацу\ncreated_at: 2015-11-12 20:35:14.000000000 Z\nupdated_at: 2015-11-12 20:35:14.000000000 Z\nposition: \nlogo_content_type: \nlogo_file_size: \nlogo_updated_at: \n','2015-11-12 20:35:26','---\nlogo_file_name:\n- \n- photo.jpg\nlogo_content_type:\n- \n- image/jpeg\nlogo_file_size:\n- \n- 67362\nlogo_updated_at:\n- \n- 2015-11-12 20:35:26.317507994 Z\nupdated_at:\n- 2015-11-12 20:35:14.000000000 Z\n- 2015-11-12 20:35:26.986808026 Z\n'),(12,'Page',1,'destroy','1','---\nid: 1\nlogo_file_name: photo.jpg\ncategory_id: 1\nseo_name: wefqwef\ndesc: \'<p>wqefwqefweqfweqfwefwefwefw<img src=\"/system/upload_images/2/original.png?1447181680\"\n  style=\"width: 300px;\">цйупкупкупу</p>\'\nanons: wqefqwefwqefwqe\ntitle: wefqwef\nactive: \'1\'\nauthor: ergewgewrgerge\ncreated_at: 2015-11-10 18:54:45.000000000 Z\nupdated_at: 2015-11-11 15:38:06.000000000 Z\nposition: \nlogo_content_type: image/jpeg\nlogo_file_size: 67362\nlogo_updated_at: 2015-11-11 15:38:05.000000000 Z\n','2015-11-21 11:16:50',NULL),(13,'Page',2,'destroy','1','---\nid: 2\nlogo_file_name: photo.jpg\ncategory_id: 1\nseo_name: fqwefeqr\ndesc: regwergwergwergwregregre\nanons: ergegwregewrg\ntitle: fqwefeqr\nactive: \'1\'\nauthor: \'0\'\ncreated_at: 2015-11-10 18:56:02.000000000 Z\nupdated_at: 2015-11-11 15:38:19.000000000 Z\nposition: \nlogo_content_type: image/jpeg\nlogo_file_size: 67362\nlogo_updated_at: 2015-11-11 15:38:18.000000000 Z\n','2015-11-21 11:16:52',NULL),(14,'Page',3,'destroy','1','---\nid: 3\nlogo_file_name: slide-3.jpg\ncategory_id: 1\nseo_name: wefwqef\ndesc: \'<p><img style=\"width: 291px;\" src=\"/system/upload_images/3/original.png?1447256327\">wefw&nbsp;<span\n  style=\"line-height: 17.1429px;\">qwefwefqwefqwe wefwqfwqefwqefwqfwq fwqewqfqwfwq\n  wqqw fevwevf wd we e e</span><span style=\"line-height: 17.1429px;\">qwefwefqwefqwe\n  wefwqfwqefwqefwqfwq fwqewqfqwfwq wqqw fevwevf wd we e e</span></p><p><span style=\"line-height:\n  17.1429px;\"><br></span></p><p><span style=\"line-height: 17.1429px;\"><br></span></p><p><span\n  style=\"line-height: 17.1429px;\"><br></span></p><p><span style=\"line-height: 17.1429px;\"><br></span></p><p><span\n  style=\"line-height: 17.1429px;\"><br></span></p><p><span style=\"line-height: 17.1429px;\"><br></span></p><p><span\n  style=\"line-height: 17.1429px;\"><br></span></p><p><span style=\"line-height: 17.1429px;\"><br></span></p><p><span\n  style=\"line-height: 17.1429px;\"><br></span></p><p><span style=\"line-height: 17.1429px;\"><br></span></p><p><span\n  style=\"line-height: 17.1429px;\"><br></span></p>\'\nanons: qwefwefqwefqwe wefwqfwqefwqefwqfwq fwqewqfqwfwq wqqw fevwevf wd we e e qwefwefqwefqwe\n  wefwqfwqefwqefwqfwq fwqewqfqwfwq wqqw fevwevf wd we e e\ntitle: wefwqef\nactive: \'1\'\nauthor: weqfwqefwef\ncreated_at: 2015-11-11 15:38:53.000000000 Z\nupdated_at: 2015-11-11 15:39:26.000000000 Z\nposition: \nlogo_content_type: image/jpeg\nlogo_file_size: 23959\nlogo_updated_at: 2015-11-11 15:39:25.000000000 Z\n','2015-11-21 11:16:55',NULL),(15,'Page',4,'destroy','1','---\nid: 4\nlogo_file_name: photo.jpg\ncategory_id: 3\nseo_name: tsuatsua\ndesc: цуацуцу\nanons: цуацйуацуацуауц\ntitle: цуацуа\nactive: \'1\'\nauthor: цуацуйацу\ncreated_at: 2015-11-12 20:35:14.000000000 Z\nupdated_at: 2015-11-12 20:35:26.000000000 Z\nposition: \nlogo_content_type: image/jpeg\nlogo_file_size: 67362\nlogo_updated_at: 2015-11-12 20:35:26.000000000 Z\n','2015-11-21 11:16:57',NULL),(16,'Page',1,'update','1','---\nid: 1\nlogo_file_name: \ncategory_id: 3\nseo_name: hang-out\ndesc: \'<p><br><img src=\"/system/upload_images/4/original.png?1449515976\" style=\"width:\n  500px;\"></p>\'\nanons: фраза на щодень\ntitle: hang out\nactive: \'1\'\nauthor: \'\'\ncreated_at: 2015-12-07 19:20:31.000000000 Z\nupdated_at: 2015-12-07 19:20:31.000000000 Z\nposition: \nlogo_content_type: \nlogo_file_size: \nlogo_updated_at: \n','2015-12-07 19:21:49','---\nlogo_file_name:\n- \n- they-say-good-things-come-to-those-who-wait-so-im-going-to-be-about-an-hour-late-quote-1.jpg\nlogo_content_type:\n- \n- image/jpeg\nlogo_file_size:\n- \n- 25784\nlogo_updated_at:\n- \n- 2015-12-07 19:21:49.408630849 Z\nupdated_at:\n- 2015-12-07 19:20:31.000000000 Z\n- 2015-12-07 19:21:49.757341379 Z\n'),(17,'Page',2,'update','1','---\nid: 2\nlogo_file_name: \ncategory_id: 8\nseo_name: tusovka\ndesc: \'<p><br><img src=\"/system/upload_images/5/original.png?1449516647\" style=\"width:\n  500px;\"></p>\'\nanons: ла ла\ntitle: тусовка\nactive: \'1\'\nauthor: \'\'\ncreated_at: 2015-12-07 19:31:01.000000000 Z\nupdated_at: 2015-12-07 19:31:01.000000000 Z\nposition: \nlogo_content_type: \nlogo_file_size: \nlogo_updated_at: \n','2015-12-07 19:32:16','---\nlogo_file_name:\n- \n- they-say-good-things-come-to-those-who-wait-so-im-going-to-be-about-an-hour-late-quote-1.jpg\nlogo_content_type:\n- \n- image/jpeg\nlogo_file_size:\n- \n- 25784\nlogo_updated_at:\n- \n- 2015-12-07 19:32:16.418377548 Z\nupdated_at:\n- 2015-12-07 19:31:01.000000000 Z\n- 2015-12-07 19:32:16.760506059 Z\n'),(18,'Page',2,'update','1','---\nid: 2\ncategory_id: 8\nseo_name: tusovka\ndesc: \'<p><br><img src=\"/system/upload_images/5/original.png?1449516647\" style=\"width:\n  500px;\"></p>\'\nanons: ла ла\ntitle: тусовка\nactive: \'1\'\nauthor: \'\'\ncreated_at: 2015-12-07 19:31:01.000000000 Z\nupdated_at: 2015-12-07 19:32:16.000000000 Z\nposition: \nlogo_file_name: they-say-good-things-come-to-those-who-wait-so-im-going-to-be-about-an-hour-late-quote-1.jpg\nlogo_content_type: image/jpeg\nlogo_file_size: 25784\nlogo_updated_at: 2015-12-07 19:32:16.000000000 Z\n','2015-12-07 19:34:53','---\ndesc:\n- \'<p><br><img src=\"/system/upload_images/5/original.png?1449516647\" style=\"width:\n  500px;\"></p>\'\n- \"<p><br>Йду на пиво</p>\"\nupdated_at:\n- 2015-12-07 19:32:16.000000000 Z\n- 2015-12-07 19:34:53.159071007 Z\n'),(19,'Page',1,'update','1','---\nid: 1\ncategory_id: 3\nseo_name: hang-out\ndesc: \'<p><br><img src=\"/system/upload_images/4/original.png?1449515976\" style=\"width:\n  500px;\"></p>\'\nanons: фраза на щодень\ntitle: hang out\nactive: \'1\'\nauthor: \'\'\ncreated_at: 2015-12-07 19:20:31.000000000 Z\nupdated_at: 2015-12-07 19:21:49.000000000 Z\nposition: \nlogo_file_name: they-say-good-things-come-to-those-who-wait-so-im-going-to-be-about-an-hour-late-quote-1.jpg\nlogo_content_type: image/jpeg\nlogo_file_size: 25784\nlogo_updated_at: 2015-12-07 19:21:49.000000000 Z\n','2015-12-22 12:31:47','---\ndesc:\n- \'<p><br><img src=\"/system/upload_images/4/original.png?1449515976\" style=\"width:\n  500px;\"></p>\'\n- \'<p>лалаллалал</p><p>лалалалалала<br><img src=\"/system/upload_images/4/original.png?1449515976\"\n  style=\"width: 500px;\"></p>\'\nupdated_at:\n- 2015-12-07 19:21:49.000000000 Z\n- 2015-12-22 12:31:47.459172786 Z\n'),(20,'Page',3,'update','1','---\nid: 3\nlogo_file_name: \ncategory_id: 3\nseo_name: Book-quotes\ndesc: \"<p>Useful phrases/корисні фрази:</p><p>be careful of - бути обережним/-ю з&nbsp;</p><p>to\n  have power to do smth - мати силу щось зробити</p><p><br></p>\"\nanons: Power of books\ntitle: Book quotes\nactive: \'1\'\nauthor: Ivanka\ncreated_at: 2016-01-14 21:50:24.000000000 Z\nupdated_at: 2016-01-14 21:50:24.000000000 Z\nposition: \nlogo_content_type: \nlogo_file_size: \nlogo_updated_at: \n','2016-01-14 21:52:20','---\nlogo_file_name:\n- \n- English_quotes.jpg\nlogo_content_type:\n- \n- image/jpeg\nlogo_file_size:\n- \n- 63863\nlogo_updated_at:\n- \n- 2016-01-14 21:52:19.974736502 Z\nupdated_at:\n- 2016-01-14 21:50:24.000000000 Z\n- 2016-01-14 21:52:20.463746951 Z\n'),(21,'Page',4,'update','1','---\nid: 4\nlogo_file_name: \ncategory_id: 8\nseo_name: Funny-English-Words\ndesc: Funny English Words\nanons: Funny English Words\ntitle: Funny English Words\nactive: \'1\'\nauthor: Ivanka\ncreated_at: 2016-01-15 14:41:33.000000000 Z\nupdated_at: 2016-01-15 14:41:33.000000000 Z\nposition: \nlogo_content_type: \nlogo_file_size: \nlogo_updated_at: \n','2016-01-15 14:41:49','---\nlogo_file_name:\n- \n- Modern_English.png\nlogo_content_type:\n- \n- image/png\nlogo_file_size:\n- \n- 212357\nlogo_updated_at:\n- \n- 2016-01-15 14:41:48.412447037 Z\nupdated_at:\n- 2016-01-15 14:41:33.000000000 Z\n- 2016-01-15 14:41:49.297283747 Z\n'),(22,'Page',2,'update','1','---\nid: 2\ncategory_id: 8\nseo_name: tusovka\ndesc: \"<p><br>Йду на пиво</p>\"\nanons: ла ла\ntitle: тусовка\nactive: \'1\'\nauthor: \'\'\ncreated_at: 2015-12-07 19:31:01.000000000 Z\nupdated_at: 2015-12-07 19:34:53.000000000 Z\nposition: \nlogo_file_name: they-say-good-things-come-to-those-who-wait-so-im-going-to-be-about-an-hour-late-quote-1.jpg\nlogo_content_type: image/jpeg\nlogo_file_size: 25784\nlogo_updated_at: 2015-12-07 19:32:16.000000000 Z\n','2016-01-15 15:07:10','---\ndesc:\n- \"<p><br>Йду на пиво</p>\"\n- \"<p>Йду на пиво</p>\"\nupdated_at:\n- 2015-12-07 19:34:53.000000000 Z\n- 2016-01-15 15:07:10.798050560 Z\n'),(23,'Page',5,'update','1','---\nid: 5\nlogo_file_name: \ncategory_id: 9\nseo_name: Music-to-your-ears\ndesc: \"***\"\nanons: ___\ntitle: Music to your ears\nactive: \'1\'\nauthor: \'\'\ncreated_at: 2016-01-15 15:16:00.000000000 Z\nupdated_at: 2016-01-15 15:16:00.000000000 Z\nposition: \nlogo_content_type: \nlogo_file_size: \nlogo_updated_at: \n','2016-01-15 15:16:21','---\nlogo_file_name:\n- \n- Idioms_and_phrasal_verbs.png\nlogo_content_type:\n- \n- image/png\nlogo_file_size:\n- \n- 197561\nlogo_updated_at:\n- \n- 2016-01-15 15:16:20.937993052 Z\nupdated_at:\n- 2016-01-15 15:16:00.000000000 Z\n- 2016-01-15 15:16:21.523199180 Z\n'),(24,'Page',6,'update','1','---\nid: 6\nlogo_file_name: \ncategory_id: 1\nseo_name: rechennja-umovi,-tip-0\ndesc: \'<p><span style=\"line-height: 1.42857;\">Zero Conditional вживаємо, коли говоримо\n  про реальні або можливі ситуації.</span></p><p><span style=\"line-height: 1.42857;\"><span\n  style=\"color: inherit; background-color: rgb(255, 198, 156);\">&nbsp;If + Present\n  Simple</span>, + <span style=\"background-color: rgb(181, 214, 165);\">Present Simple/modal\n  verb</span><br></span><br></p><p>If children study hard, their parents are happy.</p><p>Коли\n  діти старанно вчаться, їхні батьки щасливі.</p>\'\nanons: Zero Conditional\ntitle: Речення умови, тип 0\nactive: \'1\'\nauthor: Ivanka\ncreated_at: 2016-01-15 15:29:35.000000000 Z\nupdated_at: 2016-01-15 15:29:35.000000000 Z\nposition: \nlogo_content_type: \nlogo_file_size: \nlogo_updated_at: \n','2016-01-15 15:30:01','---\nlogo_file_name:\n- \n- A_piece_of_grammar.png\nlogo_content_type:\n- \n- image/png\nlogo_file_size:\n- \n- 341080\nlogo_updated_at:\n- \n- 2016-01-15 15:30:01.146666333 Z\nupdated_at:\n- 2016-01-15 15:29:35.000000000 Z\n- 2016-01-15 15:30:01.814511574 Z\n'),(25,'Page',6,'update','1','---\nid: 6\ncategory_id: 1\nseo_name: rechennja-umovi,-tip-0\ndesc: \'<p><span style=\"line-height: 1.42857;\">Zero Conditional вживаємо, коли говоримо\n  про реальні або можливі ситуації.</span></p><p><span style=\"line-height: 1.42857;\"><span\n  style=\"color: inherit; background-color: rgb(255, 198, 156);\">&nbsp;If + Present\n  Simple</span>, + <span style=\"background-color: rgb(181, 214, 165);\">Present Simple/modal\n  verb</span><br></span><br></p><p>If children study hard, their parents are happy.</p><p>Коли\n  діти старанно вчаться, їхні батьки щасливі.</p>\'\nanons: Zero Conditional\ntitle: Речення умови, тип 0\nactive: \'1\'\nauthor: Ivanka\ncreated_at: 2016-01-15 15:29:35.000000000 Z\nupdated_at: 2016-01-15 15:30:01.000000000 Z\nposition: \nlogo_file_name: A_piece_of_grammar.png\nlogo_content_type: image/png\nlogo_file_size: 341080\nlogo_updated_at: 2016-01-15 15:30:01.000000000 Z\n','2016-01-15 15:32:09','---\ndesc:\n- \'<p><span style=\"line-height: 1.42857;\">Zero Conditional вживаємо, коли говоримо\n  про реальні або можливі ситуації.</span></p><p><span style=\"line-height: 1.42857;\"><span\n  style=\"color: inherit; background-color: rgb(255, 198, 156);\">&nbsp;If + Present\n  Simple</span>, + <span style=\"background-color: rgb(181, 214, 165);\">Present Simple/modal\n  verb</span><br></span><br></p><p>If children study hard, their parents are happy.</p><p>Коли\n  діти старанно вчаться, їхні батьки щасливі.</p>\'\n- \'<p><span style=\"line-height: 1.42857;\">Вживаємо&nbsp;</span><span style=\"line-height:\n  17.1428px;\">Zero Conditional</span><span style=\"line-height: 1.42857;\">, коли говоримо\n  про реальні або можливі ситуації.</span></p><p><span style=\"line-height: 1.42857;\"><span\n  style=\"color: inherit; background-color: rgb(255, 198, 156);\">&nbsp;If + Present\n  Simple</span>, + <span style=\"background-color: rgb(181, 214, 165);\">Present Simple/modal\n  verb</span><br></span><br></p><p>If children study hard, their parents are happy.</p><p>Коли\n  діти старанно вчаться, їхні батьки щасливі.</p>\'\nupdated_at:\n- 2016-01-15 15:30:01.000000000 Z\n- 2016-01-15 15:32:09.543392606 Z\n'),(26,'Page',6,'update','1','---\nid: 6\ncategory_id: 1\nseo_name: rechennja-umovi,-tip-0\ndesc: \'<p><span style=\"line-height: 1.42857;\">Вживаємо&nbsp;</span><span style=\"line-height:\n  17.1428px;\">Zero Conditional</span><span style=\"line-height: 1.42857;\">, коли говоримо\n  про реальні або можливі ситуації.</span></p><p><span style=\"line-height: 1.42857;\"><span\n  style=\"color: inherit; background-color: rgb(255, 198, 156);\">&nbsp;If + Present\n  Simple</span>, + <span style=\"background-color: rgb(181, 214, 165);\">Present Simple/modal\n  verb</span><br></span><br></p><p>If children study hard, their parents are happy.</p><p>Коли\n  діти старанно вчаться, їхні батьки щасливі.</p>\'\nanons: Zero Conditional\ntitle: Речення умови, тип 0\nactive: \'1\'\nauthor: Ivanka\ncreated_at: 2016-01-15 15:29:35.000000000 Z\nupdated_at: 2016-01-15 15:32:09.000000000 Z\nposition: \nlogo_file_name: A_piece_of_grammar.png\nlogo_content_type: image/png\nlogo_file_size: 341080\nlogo_updated_at: 2016-01-15 15:30:01.000000000 Z\n','2016-01-15 15:35:38','---\nanons:\n- Zero Conditional\n- Вживаємо Zero Conditional\ndesc:\n- \'<p><span style=\"line-height: 1.42857;\">Вживаємо&nbsp;</span><span style=\"line-height:\n  17.1428px;\">Zero Conditional</span><span style=\"line-height: 1.42857;\">, коли говоримо\n  про реальні або можливі ситуації.</span></p><p><span style=\"line-height: 1.42857;\"><span\n  style=\"color: inherit; background-color: rgb(255, 198, 156);\">&nbsp;If + Present\n  Simple</span>, + <span style=\"background-color: rgb(181, 214, 165);\">Present Simple/modal\n  verb</span><br></span><br></p><p>If children study hard, their parents are happy.</p><p>Коли\n  діти старанно вчаться, їхні батьки щасливі.</p>\'\n- \'<p><span style=\"line-height: 1.42857;\">Вживаємо&nbsp;</span><span style=\"line-height:\n  17.1428px;\">Zero Conditional</span><span style=\"line-height: 1.42857;\">, коли говоримо\n  про реальні або можливі ситуації.</span></p><p><span style=\"line-height: 1.42857;\"><span\n  style=\"color: inherit; background-color: rgb(255, 198, 156);\">&nbsp;If + Present\n  Simple</span>, + <span style=\"background-color: rgb(181, 214, 165);\">Present Simple/modal\n  verb</span><br></span><br></p><p>If children study hard, their parents are happy.&nbsp;<span\n  style=\"line-height: 1.42857;\">Коли діти старанно вчаться, їхні батьки щасливі.</span></p><p>Та\n  сама конструкція в українській мові: </p><p>Теперішній час + Теперішній час.&nbsp;</p><p><br></p>\'\nupdated_at:\n- 2016-01-15 15:32:09.000000000 Z\n- 2016-01-15 15:35:38.573109306 Z\n'),(27,'Page',6,'update','1','---\nid: 6\ncategory_id: 1\nseo_name: rechennja-umovi,-tip-0\ndesc: \'<p><span style=\"line-height: 1.42857;\">Вживаємо&nbsp;</span><span style=\"line-height:\n  17.1428px;\">Zero Conditional</span><span style=\"line-height: 1.42857;\">, коли говоримо\n  про реальні або можливі ситуації.</span></p><p><span style=\"line-height: 1.42857;\"><span\n  style=\"color: inherit; background-color: rgb(255, 198, 156);\">&nbsp;If + Present\n  Simple</span>, + <span style=\"background-color: rgb(181, 214, 165);\">Present Simple/modal\n  verb</span><br></span><br></p><p>If children study hard, their parents are happy.&nbsp;<span\n  style=\"line-height: 1.42857;\">Коли діти старанно вчаться, їхні батьки щасливі.</span></p><p>Та\n  сама конструкція в українській мові: </p><p>Теперішній час + Теперішній час.&nbsp;</p><p><br></p>\'\nanons: Вживаємо Zero Conditional\ntitle: Речення умови, тип 0\nactive: \'1\'\nauthor: Ivanka\ncreated_at: 2016-01-15 15:29:35.000000000 Z\nupdated_at: 2016-01-15 15:35:38.000000000 Z\nposition: \nlogo_file_name: A_piece_of_grammar.png\nlogo_content_type: image/png\nlogo_file_size: 341080\nlogo_updated_at: 2016-01-15 15:30:01.000000000 Z\n','2016-01-15 15:51:04','---\ndesc:\n- \'<p><span style=\"line-height: 1.42857;\">Вживаємо&nbsp;</span><span style=\"line-height:\n  17.1428px;\">Zero Conditional</span><span style=\"line-height: 1.42857;\">, коли говоримо\n  про реальні або можливі ситуації.</span></p><p><span style=\"line-height: 1.42857;\"><span\n  style=\"color: inherit; background-color: rgb(255, 198, 156);\">&nbsp;If + Present\n  Simple</span>, + <span style=\"background-color: rgb(181, 214, 165);\">Present Simple/modal\n  verb</span><br></span><br></p><p>If children study hard, their parents are happy.&nbsp;<span\n  style=\"line-height: 1.42857;\">Коли діти старанно вчаться, їхні батьки щасливі.</span></p><p>Та\n  сама конструкція в українській мові: </p><p>Теперішній час + Теперішній час.&nbsp;</p><p><br></p>\'\n- \'<p><span style=\"line-height: 1.42857;\">Вживаємо&nbsp;</span><span style=\"line-height:\n  17.1428px;\">Zero Conditional</span><span style=\"line-height: 1.42857;\">, коли говоримо\n  про реальні або можливі ситуації.</span></p><p><span style=\"line-height: 1.42857;\"><span\n  style=\"color: inherit; background-color: rgb(255, 198, 156);\">&nbsp;If + Present\n  Simple</span>, + <span style=\"background-color: rgb(181, 214, 165);\">Present Simple/modal\n  verb</span><br></span><br></p><p>If children study hard, their parents are happy.&nbsp;<span\n  style=\"line-height: 1.42857;\">Коли діти старанно вчаться, їхні батьки щасливі.</span></p><p>Та\n  сама конструкція в українській мові: </p><p>Теперішній час + Теперішній час.&nbsp;</p><p><a\n  href=\"https://www.youtube.com/watch?v=ZHZVwTdUHIA\" target=\"_blank\">Кілька відео\n  на цю тему</a> &nbsp;&nbsp;<br></p>\'\nupdated_at:\n- 2016-01-15 15:35:38.000000000 Z\n- 2016-01-15 15:51:04.903864560 Z\n');

/*!40101 SET SQL_MODE=@OLD_SQL_MODE */;
/*!40014 SET FOREIGN_KEY_CHECKS=@OLD_FOREIGN_KEY_CHECKS */;
/*!40014 SET UNIQUE_CHECKS=@OLD_UNIQUE_CHECKS */;
/*!40111 SET SQL_NOTES=@OLD_SQL_NOTES */;
